ably.io-1.1.0-openapi.yaml,1,2,3,3,4,3,2,2,2,3,4,2,1,1
adyen.com-AccountService-3-openapi.yaml,1,1,1,1,1,1,1,1,1,1,1,1,1,1
adyen.com-AccountService-4-openapi.yaml,1,1,1,1,1,1,1,1,1,1,1,1,1,1
adyen.com-AccountService-5-openapi.yaml,1,1,1,1,1,1,1,1,1,1,1,1,1,1,1,1
adyen.com-CheckoutService-30-openapi.yaml,1,1
adyen.com-CheckoutService-31-openapi.yaml,1,1
adyen.com-CheckoutService-32-openapi.yaml,1,1
adyen.com-CheckoutService-37-openapi.yaml,1,1,1,2,2
adyen.com-CheckoutService-40-openapi.yaml,1,1,1,2,2
adyen.com-CheckoutService-41-openapi.yaml,1,1,1,2,2
adyen.com-CheckoutService-46-openapi.yaml,1,1,1,2,2
adyen.com-CheckoutUtilityService-1-openapi.yaml,1
adyen.com-FundService-3-openapi.yaml,1,1,1,1,1,1
adyen.com-FundService-5-openapi.yaml,1,1,1,1,1,1
adyen.com-MarketPayNotificationService-3-openapi.yaml,1,1,1,1,1,1,1,1,1,1,1,1,1,1
adyen.com-MarketPayNotificationService-4-openapi.yaml,1,1,1,1,1,1,1,1,1,1,1,1,1,1
adyen.com-MarketPayNotificationService-5-openapi.yaml,1,1,1,1,1,1,1,1,1,1,1,1,1,1
adyen.com-NotificationConfigurationService-1-openapi.yaml,1,1,1,1,1,1
adyen.com-PaymentService-25-openapi.yaml,1,1,1,1,1,1
adyen.com-PaymentService-30-openapi.yaml,1,1,1,1,1,1,1,1
adyen.com-PaymentService-40-openapi.yaml,1,1,1,1,1,1,1,1,1,1,1
adyen.com-PaymentService-46-openapi.yaml,1,1,1,1,1,1,1,1,1,1,1
adyen.com-PayoutService-30-openapi.yaml,1,1,1,1,1,1
adyen.com-RecurringService-18-openapi.yaml,1,1
adyen.com-RecurringService-25-openapi.yaml,1,1
amazonaws.com-accessanalyzer-2019-11-01-openapi.yaml,1,3,2,4,1,2,1,1,2,2,2
amazonaws.com-acm-2015-12-08-openapi.yaml,1,1,1,1,1,1,1,1,1,1,1,1,1
amazonaws.com-acm-pca-2017-08-22-openapi.yaml,1,1,1,1,1,1,1,1,1,1,1,1,1,1,1,1,1,1,1,1
amazonaws.com-alexaforbusiness-2017-11-09-openapi.yaml,1,1,1,1,1,1,1,1,1,1,1,1,1,1,1,1,1,1,1,1,1,1,1,1,1,1,1,1,1,1,1,1,1,1,1,1,1,1,1,1,1,1,1,1,1,1,1,1,1,1,1,1,1,1,1,1,1,1,1,1,1,1,1,1,1,1,1,1,1,1,1,1,1,1,1,1,1,1,1,1,1,1,1,1,1,1,1,1,1,1,1,1,1
amazonaws.com-amplify-2017-07-25-openapi.yaml,1,3,3,5,3,3,2,4,4,4,6,2,3,2,7,5,2,6,7,2
amazonaws.com-apigateway-2015-07-09-openapi.yaml,1,3,3,3,4,4,1,3,3,4,1,3,1,3,1,2,4,4,2,4,5,5,2,4,7,9,6,8,4,4,4,2,4,2,4,2,6,6,1,1,6,3,5,3,6,2,1,2,3,1,1,2,5
amazonaws.com-apigatewaymanagementapi-2018-11-29-openapi.yaml,2
amazonaws.com-apigatewayv2-2018-11-29-openapi.yaml,2,4,4,4,2,4,6,4,4,6,4,2,6,3,5,5,4,5,3,5,7,5,5,7,7,7,5,3,5,6,3,3
amazonaws.com-appconfig-2019-10-09-openapi.yaml,1,3,1,3,2,4,2,4,6,6,2,5,2,2,5
amazonaws.com-application-autoscaling-2016-02-06-openapi.yaml,1,1,1,1,1,1,1,1,1,1
amazonaws.com-application-insights-2018-11-25-openapi.yaml,1,1,1,1,1,1,1,1,1,1,1,1,1,1,1,1,1,1,1,1,1,1,1,1,1,1,1
amazonaws.com-appmesh-2018-10-01-openapi.yaml,1,5,3,3,2,6,4,4
amazonaws.com-appmesh-2019-01-25-openapi.yaml,2,6,4,4,4,3,7,5,5,5,2,2,2
amazonaws.com-appstream-2016-12-01-openapi.yaml,1,1,1,1,1,1,1,1,1,1,1,1,1,1,1,1,1,1,1,1,1,1,1,1,1,1,1,1,1,1,1,1,1,1,1,1,1,1,1,1,1,1,1,1,1,1,1
amazonaws.com-appsync-2017-07-25-openapi.yaml,4,4,4,4,2,6,4,5,5,5,3,7,5,4,4,4,5,6,3,4,3,5
amazonaws.com-athena-2017-05-18-openapi.yaml,1,1,1,1,1,1,1,1,1,1,1,1,1,1,1,1,1,1,1
amazonaws.com-autoscaling-2011-01-01-openapi.yaml,1,1,1,1,1,1,1,1,1,1,1,1,1,1,1,1,1,1,1,1,1,1,1,1,1,1,1,1,1,1,1,1,1,1,1,1,1,1,1,1,1,1,1,1,1,1,1,1,1,1,1,1,1,1
amazonaws.com-autoscaling-plans-2018-01-06-openapi.yaml,1,1,1,1,1,1
amazonaws.com-AWSMigrationHub-2017-05-31-openapi.yaml,1,1,1,1,1,1,1,1,1,1,1,1,1,1,1,1,1
amazonaws.com-backup-2018-11-15-openapi.yaml,2,3,5,3,3,4,2,2,2,2,4,5,5,1,3,1,1,1,2,2
amazonaws.com-batch-2016-08-10-openapi.yaml,2,2,2,2,2,2,2,2,2,2,2,2,2,2,2,2
amazonaws.com-budgets-2016-10-20-openapi.yaml,1,1,1,1,1,1,1,1,1,1,1,1,1,1
amazonaws.com-ce-2017-10-25-openapi.yaml,1,1,1,1,1,1,1,1,1,1,1,1,1,1,1,1,1,1,1
amazonaws.com-chime-2018-05-01-openapi.yaml,4,2,2,2,3,5,1,3,3,1,3,1,3,3,1,1,3,3,5,3,1,1,2,4,5,2,2,4,4,6,2,2,3,4,3,3,4,4,2,2,2,3,4,1,2,2,4,5,3,4,3,5,3,1,1,4,4,4,4,4,2,1,5,3,1,5,3,1
amazonaws.com-cloud9-2017-09-23-openapi.yaml,1,1,1,1,1,1,1,1,1,1,1,1,1
amazonaws.com-clouddirectory-2016-05-10-openapi.yaml,4,4,4,4,4,4,3,3,4,4,3,3,4,5,3,4,4,3,5,4,4,4,4,4,4,4,4,3,5,5,4,4,5,4,4,4,4,4,4,4,4,4,4,4,4,4,4,4,4,3,5,5,4,4,5,4,4,5,4,4,4,4,4
amazonaws.com-clouddirectory-2017-01-11-openapi.yaml,4,4,4,4,4,4,3,3,4,4,3,3,4,5,3,4,4,3,5,4,4,4,4,4,4,4,4,3,5,5,4,4,5,4,4,4,4,4,4,4,4,4,4,4,4,4,4,4,4,4,3,5,5,4,4,5,4,4,5,4,4,4,4,4
amazonaws.com-cloudformation-2010-05-15-openapi.yaml,1,1,1,1,1,1,1,1,1,1,1,1,1,1,1,1,1,1,1,1,1,1,1,1,1,1,1,1,1,1,1,1,1,1,1,1,1,1,1,1,1,1,1,1,1,1,1,1,1,1,1,1,1,1,1
amazonaws.com-cloudfront-2016-11-25-openapi.yaml,3,2,2,4,2,2,4,3,3,5,4,5,4,3,2,2,2
amazonaws.com-cloudfront-2017-03-25-openapi.yaml,3,2,2,4,2,2,4,3,3,3,5,4,5,4,3,2,2,2
amazonaws.com-cloudfront-2017-10-30-openapi.yaml,3,2,2,2,2,4,2,2,2,4,3,3,3,3,3,5,4,4,4,5,4,4,3,2,2,2
amazonaws.com-cloudfront-2018-06-18-openapi.yaml,3,2,2,2,2,4,2,2,2,4,3,3,3,3,3,5,4,4,4,5,4,4,3,2,2,2
amazonaws.com-cloudfront-2018-11-05-openapi.yaml,3,2,2,2,2,4,2,2,2,4,3,3,3,3,3,5,4,4,4,5,4,4,3,2,2,2
amazonaws.com-cloudfront-2019-03-26-openapi.yaml,3,2,2,2,2,4,2,2,2,4,3,3,3,3,3,5,4,4,4,5,4,4,3,2,2,2
amazonaws.com-cloudhsm-2014-05-30-openapi.yaml,1,1,1,1,1,1,1,1,1,1,1,1,1,1,1,1,1,1,1,1
amazonaws.com-cloudhsmv2-2017-04-28-openapi.yaml,1,1,1,1,1,1,1,1,1,1,1,1,1
amazonaws.com-cloudsearch-2011-02-01-openapi.yaml,1,1,1,1,1,1,1,1,1,1,1,1,1,1,1,1,1,1,1,1,1,1
amazonaws.com-cloudsearch-2013-01-01-openapi.yaml,1,1,1,1,1,1,1,1,1,1,1,1,1,1,1,1,1,1,1,1,1,1,1,1,1,1
amazonaws.com-cloudsearchdomain-2013-01-01-openapi.yaml,2,2,3
amazonaws.com-cloudtrail-2013-11-01-openapi.yaml,1,1,1,1,1,1,1,1,1,1,1,1,1,1,1,1,1,1
amazonaws.com-codebuild-2016-10-06-openapi.yaml,1,1,1,1,1,1,1,1,1,1,1,1,1,1,1,1,1,1,1,1,1,1,1,1,1,1,1,1,1,1,1,1,1,1
amazonaws.com-codecommit-2015-04-13-openapi.yaml,1,1,1,1,1,1,1,1,1,1,1,1,1,1,1,1,1,1,1,1,1,1,1,1,1,1,1,1,1,1,1,1,1,1,1,1,1,1,1,1,1,1,1,1,1,1,1,1,1,1,1,1,1,1,1,1,1,1,1,1,1,1,1,1,1,1,1,1,1,1,1,1,1,1,1
amazonaws.com-codedeploy-2014-10-06-openapi.yaml,1,1,1,1,1,1,1,1,1,1,1,1,1,1,1,1,1,1,1,1,1,1,1,1,1,1,1,1,1,1,1,1,1,1,1,1,1,1,1,1,1,1,1,1,1,1
amazonaws.com-codeguru-reviewer-2019-09-19-openapi.yaml,1,2,2,2,1,3,3,1
amazonaws.com-codeguruprofiler-2019-07-18-openapi.yaml,3,1,2,3,3,3,1,3,4,4
amazonaws.com-codepipeline-2015-07-09-openapi.yaml,1,1,1,1,1,1,1,1,1,1,1,1,1,1,1,1,1,1,1,1,1,1,1,1,1,1,1,1,1,1,1,1,1,1,1,1,1
amazonaws.com-codestar-2017-04-19-openapi.yaml,1,1,1,1,1,1,1,1,1,1,1,1,1,1,1,1,1,1
amazonaws.com-codestar-connections-2019-12-01-openapi.yaml,1,1,1,1,1,1,1
amazonaws.com-codestar-notifications-2019-10-15-openapi.yaml,1,1,1,1,1,1,1,1,1,1,1,1,1
amazonaws.com-cognito-identity-2014-06-30-openapi.yaml,1,1,1,1,1,1,1,1,1,1,1,1,1,1,1,1,1,1,1,1,1
amazonaws.com-cognito-idp-2016-04-18-openapi.yaml,1,1,1,1,1,1,1,1,1,1,1,1,1,1,1,1,1,1,1,1,1,1,1,1,1,1,1,1,1,1,1,1,1,1,1,1,1,1,1,1,1,1,1,1,1,1,1,1,1,1,1,1,1,1,1,1,1,1,1,1,1,1,1,1,1,1,1,1,1,1,1,1,1,1,1,1,1,1,1,1,1,1,1,1,1,1,1,1,1,1,1,1,1,1,1,1,1,1,1,1
amazonaws.com-cognito-sync-2014-06-30-openapi.yaml,3,6,2,4,3,3,3,5,1,7,5,8
amazonaws.com-comprehend-2017-11-27-openapi.yaml,1,1,1,1,1,1,1,1,1,1,1,1,1,1,1,1,1,1,1,1,1,1,1,1,1,1,1,1,1,1,1,1,1,1,1,1,1,1,1,1,1,1,1,1,1,1,1,1,1,1,1
amazonaws.com-comprehendmedical-2018-10-30-openapi.yaml,1,1,1,1,1,1,1,1,1,1,1,1,1,1,1,1,1,1,1,1,1
amazonaws.com-compute-optimizer-2019-11-01-openapi.yaml,1,1,1,1,1,1
amazonaws.com-config-2014-11-12-openapi.yaml,1,1,1,1,1,1,1,1,1,1,1,1,1,1,1,1,1,1,1,1,1,1,1,1,1,1,1,1,1,1,1,1,1,1,1,1,1,1,1,1,1,1,1,1,1,1,1,1,1,1,1,1,1,1,1,1,1,1,1,1,1,1,1,1,1,1,1,1,1,1,1,1,1,1,1,1,1,1,1
amazonaws.com-connect-2017-08-08-openapi.yaml,2,3,3,2,4,3,3,3,2,2,2,2,2,2,2,2,2,2,2,2,2,2,4,4,4,4,4
amazonaws.com-connectparticipant-2018-09-07-openapi.yaml,2,2,2,2,2
amazonaws.com-cur-2017-01-06-openapi.yaml,1,1,1,1
amazonaws.com-dataexchange-2017-07-25-openapi.yaml,3,2,2,4,7,3,5,6,2,2
amazonaws.com-datapipeline-2012-10-29-openapi.yaml,1,1,1,1,1,1,1,1,1,1,1,1,1,1,1,1,1,1,1
amazonaws.com-datasync-2018-11-09-openapi.yaml,1,1,1,1,1,1,1,1,1,1,1,1,1,1,1,1,1,1,1,1,1,1,1,1,1,1,1,1,1
amazonaws.com-dax-2017-04-19-openapi.yaml,1,1,1,1,1,1,1,1,1,1,1,1,1,1,1,1,1,1,1,1,1
amazonaws.com-detective-2018-10-26-openapi.yaml,1,1,2,2,3,2,3,2,2,3,2,3
amazonaws.com-devicefarm-2015-06-23-openapi.yaml,1,1,1,1,1,1,1,1,1,1,1,1,1,1,1,1,1,1,1,1,1,1,1,1,1,1,1,1,1,1,1,1,1,1,1,1,1,1,1,1,1,1,1,1,1,1,1,1,1,1,1,1,1,1,1,1,1,1,1,1,1,1,1,1,1,1,1,1,1,1,1,1,1,1,1,1,1
amazonaws.com-directconnect-2012-10-25-openapi.yaml,1,1,1,1,1,1,1,1,1,1,1,1,1,1,1,1,1,1,1,1,1,1,1,1,1,1,1,1,1,1,1,1,1,1,1,1,1,1,1,1,1,1,1,1,1,1,1,1,1,1,1,1,1
amazonaws.com-discovery-2015-11-01-openapi.yaml,1,1,1,1,1,1,1,1,1,1,1,1,1,1,1,1,1,1,1,1,1,1,1,1,1
amazonaws.com-dlm-2018-01-12-openapi.yaml,1,2,2,2
amazonaws.com-dms-2016-01-01-openapi.yaml,1,1,1,1,1,1,1,1,1,1,1,1,1,1,1,1,1,1,1,1,1,1,1,1,1,1,1,1,1,1,1,1,1,1,1,1,1,1,1,1,1,1,1,1,1,1,1
amazonaws.com-docdb-2014-10-31-openapi.yaml,1,1,1,1,1,1,1,1,1,1,1,1,1,1,1,1,1,1,1,1,1,1,1,1,1,1,1,1,1,1,1,1,1,1,1,1,1,1,1,1,1,1
amazonaws.com-ds-2015-04-16-openapi.yaml,1,1,1,1,1,1,1,1,1,1,1,1,1,1,1,1,1,1,1,1,1,1,1,1,1,1,1,1,1,1,1,1,1,1,1,1,1,1,1,1,1,1,1,1,1,1,1,1,1,1,1,1,1,1,1,1,1
amazonaws.com-dynamodb-2011-12-05-openapi.yaml,1,1,1,1,1,1,1,1,1,1,1,1,1
amazonaws.com-dynamodb-2012-08-10-openapi.yaml,1,1,1,1,1,1,1,1,1,1,1,1,1,1,1,1,1,1,1,1,1,1,1,1,1,1,1,1,1,1,1,1,1,1,1,1,1,1,1,1,1
amazonaws.com-ebs-2019-11-02-openapi.yaml,4,3,3
amazonaws.com-ec2-2016-11-15-openapi.yaml,1,1,1,1,1,1,1,1,1,1,1,1,1,1,1,1,1,1,1,1,1,1,1,1,1,1,1,1,1,1,1,1,1,1,1,1,1,1,1,1,1,1,1,1,1,1,1,1,1,1,1,1,1,1,1,1,1,1,1,1,1,1,1,1,1,1,1,1,1,1,1,1,1,1,1,1,1,1,1,1,1,1,1,1,1,1,1,1,1,1,1,1,1,1,1,1,1,1,1,1,1,1,1,1,1,1,1,1,1,1,1,1,1,1,1,1,1,1,1,1,1,1,1,1,1,1,1,1,1,1,1,1,1,1,1,1,1,1,1,1,1,1,1,1,1,1,1,1,1,1,1,1,1,1,1,1,1,1,1,1,1,1,1,1,1,1,1,1,1,1,1,1,1,1,1,1,1,1,1,1,1,1,1,1,1,1,1,1,1,1,1,1,1,1,1,1,1,1,1,1,1,1,1,1,1,1,1,1,1,1,1,1,1,1,1,1,1,1,1,1,1,1,1,1,1,1,1,1,1,1,1,1,1,1,1,1,1,1,1,1,1,1,1,1,1,1,1,1,1,1,1,1,1,1,1,1,1,1,1,1,1,1,1,1,1,1,1,1,1,1,1,1,1,1,1,1,1,1,1,1,1,1,1,1,1,1,1,1,1,1,1,1,1,1,1,1,1,1,1,1,1,1,1,1,1,1,1,1,1,1,1,1,1,1,1,1,1,1,1,1,1,1,1,1,1,1,1,1,1,1,1,1,1,1,1,1,1,1,1,1,1,1,1,1,1,1,1,1,1,1,1,1,1,1,1,1,1,1,1,1,1,1,1,1,1,1,1,1,1,1,1,1,1,1,1,1,1,1,1,1,1,1,1,1,1,1,1,1,1,1,1,1,1,1,1,1,1,1,1,1,1,1,1
amazonaws.com-ec2-instance-connect-2018-04-02-openapi.yaml,1
amazonaws.com-ecr-2015-09-21-openapi.yaml,1,1,1,1,1,1,1,1,1,1,1,1,1,1,1,1,1,1,1,1,1,1,1,1,1,1,1,1,1
amazonaws.com-ecs-2014-11-13-openapi.yaml,1,1,1,1,1,1,1,1,1,1,1,1,1,1,1,1,1,1,1,1,1,1,1,1,1,1,1,1,1,1,1,1,1,1,1,1,1,1,1,1,1,1,1,1,1,1,1,1
amazonaws.com-eks-2017-11-01-openapi.yaml,1,3,3,2,4,4,4,2,3,2,3,5,5
amazonaws.com-elastic-inference-2017-07-25-openapi.yaml,1,1,1,2,2
amazonaws.com-elasticache-2015-02-02-openapi.yaml,1,1,1,1,1,1,1,1,1,1,1,1,1,1,1,1,1,1,1,1,1,1,1,1,1,1,1,1,1,1,1,1,1,1,1,1,1,1,1,1,1,1,1,1,1,1,1,1,1,1,1,1,1,1,1,1,1
amazonaws.com-elasticbeanstalk-2010-12-01-openapi.yaml,1,1,1,1,1,1,1,1,1,1,1,1,1,1,1,1,1,1,1,1,1,1,1,1,1,1,1,1,1,1,1,1,1,1,1,1,1,1,1,1,1,1,1,1,1
amazonaws.com-elasticfilesystem-2015-02-01-openapi.yaml,2,2,2,3,3,3,4,3,3,4,4,3,3
amazonaws.com-elasticloadbalancing-2012-06-01-openapi.yaml,1,1,1,1,1,1,1,1,1,1,1,1,1,1,1,1,1,1,1,1,1,1,1,1,1,1,1,1,1
amazonaws.com-elasticloadbalancingv2-2015-12-01-openapi.yaml,1,1,1,1,1,1,1,1,1,1,1,1,1,1,1,1,1,1,1,1,1,1,1,1,1,1,1,1,1,1,1,1,1,1
amazonaws.com-elasticmapreduce-2009-03-31-openapi.yaml,1,1,1,1,1,1,1,1,1,1,1,1,1,1,1,1,1,1,1,1,1,1,1,1,1,1,1,1,1,1,1,1,1
amazonaws.com-elastictranscoder-2012-09-25-openapi.yaml,3,2,2,2,3,3,3,3,2,4,4
amazonaws.com-email-2010-12-01-openapi.yaml,1,1,1,1,1,1,1,1,1,1,1,1,1,1,1,1,1,1,1,1,1,1,1,1,1,1,1,1,1,1,1,1,1,1,1,1,1,1,1,1,1,1,1,1,1,1,1,1,1,1,1,1,1,1,1,1,1,1,1,1,1,1,1,1,1,1,1,1,1,1,1
amazonaws.com-entitlement.marketplace-2017-01-11-openapi.yaml,1
amazonaws.com-es-2015-01-01-openapi.yaml,2,5,4,3,2,4,3,3,5,3,5,3,3,3,5,3,5,5,2,4,4,3,4,3,3,2,4,3
amazonaws.com-eventbridge-2015-10-07-openapi.yaml,1,1,1,1,1,1,1,1,1,1,1,1,1,1,1,1,1,1,1,1,1,1,1,1,1,1,1,1,1,1,1
amazonaws.com-events-2015-10-07-openapi.yaml,1,1,1,1,1,1,1,1,1,1,1,1,1,1,1,1,1,1,1,1,1,1,1,1,1,1,1,1,1,1,1
amazonaws.com-firehose-2015-08-04-openapi.yaml,1,1,1,1,1,1,1,1,1,1,1,1
amazonaws.com-fms-2018-01-01-openapi.yaml,1,1,1,1,1,1,1,1,1,1,1,1,1,1,1,1,1
amazonaws.com-forecast-2018-06-26-openapi.yaml,1,1,1,1,1,1,1,1,1,1,1,1,1,1,1,1,1,1,1,1,1,1,1,1,1,1
amazonaws.com-forecastquery-2018-06-26-openapi.yaml,1
amazonaws.com-frauddetector-2019-11-15-openapi.yaml,1,1,1,1,1,1,1,1,1,1,1,1,1,1,1,1,1,1,1,1,1,1,1,1,1,1,1,1,1,1,1,1
amazonaws.com-fsx-2018-03-01-openapi.yaml,1,1,1,1,1,1,1,1,1,1,1,1,1,1
amazonaws.com-gamelift-2015-10-01-openapi.yaml,1,1,1,1,1,1,1,1,1,1,1,1,1,1,1,1,1,1,1,1,1,1,1,1,1,1,1,1,1,1,1,1,1,1,1,1,1,1,1,1,1,1,1,1,1,1,1,1,1,1,1,1,1,1,1,1,1,1,1,1,1,1,1,1,1,1,1,1,1,1,1,1,1,1,1,1,1,1,1,1,1,1,1,1,1,1,1,1,1
amazonaws.com-glacier-2012-06-01-openapi.yaml,5,4,4,5,3,5,4,4,5,3,6,4,4,2,4,2,4,4
amazonaws.com-globalaccelerator-2018-08-08-openapi.yaml,1,1,1,1,1,1,1,1,1,1,1,1,1,1,1,1,1,1,1,1,1,1,1,1,1
amazonaws.com-glue-2017-03-31-openapi.yaml,1,1,1,1,1,1,1,1,1,1,1,1,1,1,1,1,1,1,1,1,1,1,1,1,1,1,1,1,1,1,1,1,1,1,1,1,1,1,1,1,1,1,1,1,1,1,1,1,1,1,1,1,1,1,1,1,1,1,1,1,1,1,1,1,1,1,1,1,1,1,1,1,1,1,1,1,1,1,1,1,1,1,1,1,1,1,1,1,1,1,1,1,1,1,1,1,1,1,1,1,1,1,1,1,1,1,1,1,1,1,1,1,1,1,1,1,1,1,1,1,1,1,1,1
amazonaws.com-greengrass-2017-06-07-openapi.yaml,4,2,3,5,3,5,4,3,5,3,5,2,4,4,3,5,3,5,2,3,5,4,4,4,4,3,4,4,4,5,4,6,6,6,6,6,5,6,5,6,6,6,5,3,2,5,5,2
amazonaws.com-groundstation-2019-05-23-openapi.yaml,2,1,1,1,3,2,2,1,2,1,1,1,2,1,2
amazonaws.com-guardduty-2017-11-28-openapi.yaml,3,4,1,3,3,3,3,4,3,2,2,4,4,2,4,4,4,3,2,4,4,2,4,4,2,4,4,3,1,1,2,4,4,4,2,4
amazonaws.com-health-2016-08-04-openapi.yaml,1,1,1,1,1,1,1,1,1,1,1,1,1
amazonaws.com-iam-2010-05-08-openapi.yaml,1,1,1,1,1,1,1,1,1,1,1,1,1,1,1,1,1,1,1,1,1,1,1,1,1,1,1,1,1,1,1,1,1,1,1,1,1,1,1,1,1,1,1,1,1,1,1,1,1,1,1,1,1,1,1,1,1,1,1,1,1,1,1,1,1,1,1,1,1,1,1,1,1,1,1,1,1,1,1,1,1,1,1,1,1,1,1,1,1,1,1,1,1,1,1,1,1,1,1,1,1,1,1,1,1,1,1,1,1,1,1,1,1,1,1,1,1,1,1,1,1,1,1,1,1,1,1,1,1,1,1,1,1,1,1,1,1,1,1,1
amazonaws.com-imagebuilder-2019-12-02-openapi.yaml,1,1,1,1,1,1,1,1,1,1,1,1,1,1,1,1,1,1,1,1,1,1,1,1,1,1,1,1,1,1,1,1,2,1,1,1,1,2,1,1,1
amazonaws.com-importexport-2010-06-01-openapi.yaml,1,1,1,1,1,1
amazonaws.com-inspector-2016-02-16-openapi.yaml,1,1,1,1,1,1,1,1,1,1,1,1,1,1,1,1,1,1,1,1,1,1,1,1,1,1,1,1,1,1,1,1,1,1,1,1,1
amazonaws.com-iot-2015-05-28-openapi.yaml,2,2,2,3,2,2,3,3,5,4,2,3,5,1,2,2,2,1,2,2,2,2,1,3,2,2,3,3,1,3,2,3,2,2,2,2,2,2,1,2,2,2,6,4,2,4,1,2,1,3,3,4,3,1,1,2,4,2,3,3,2,1,2,3,1,2,2,1,1,2,2,3,3,2,1,1,2,1,1,1,3,3,1,2,1,1,1,1,1,2,1,2,1,1,1,1,2,3,1,3,3,3,1,1,1,3,3,1,1,1,1,2,2,2,2,2,2,2,3,1,1,3,2,1,2,2,2
amazonaws.com-iot-data-2015-05-28-openapi.yaml,3,2
amazonaws.com-iot-jobs-data-2017-09-29-openapi.yaml,4,3,4
amazonaws.com-iot1click-devices-2018-05-14-openapi.yaml,2,2,3,3,3,3,1,2,3,2,3
amazonaws.com-iot1click-projects-2018-05-14-openapi.yaml,6,3,1,4,2,5,2,2
amazonaws.com-iotanalytics-2017-11-27-openapi.yaml,2,4,1,1,3,1,1,2,2,2,2,1,3,1,2,3,3,1
amazonaws.com-iotevents-2018-07-27-openapi.yaml,1,1,2,2,1,3,1,1
amazonaws.com-iotevents-data-2018-10-23-openapi.yaml,2,1,2
amazonaws.com-iotsecuretunneling-2018-10-05-openapi.yaml,1,1,1,1,1,1,1
amazonaws.com-iotsitewise-2019-12-02-openapi.yaml,3,4,4,1,1,1,1,1,2,1,1,2,2,2,2,3,2,2,4,5,1,3,2,2,2,3,1,3,1,1,1,4
amazonaws.com-iotthingsgraph-2018-09-06-openapi.yaml,1,1,1,1,1,1,1,1,1,1,1,1,1,1,1,1,1,1,1,1,1,1,1,1,1,1,1,1,1,1,1,1,1,1,1
amazonaws.com-kafka-2018-11-14-openapi.yaml,2,2,3,3,3,5,4,4,4,2,4,3,3,5,5,4,4
amazonaws.com-kendra-2019-02-03-openapi.yaml,1,1,1,1,1,1,1,1,1,1,1,1,1,1,1,1,1,1,1,1,1,1,1,1
amazonaws.com-kinesis-2013-12-02-openapi.yaml,1,1,1,1,1,1,1,1,1,1,1,1,1,1,1,1,1,1,1,1,1,1,1,1,1,1,1
amazonaws.com-kinesis-video-archived-media-2017-09-30-openapi.yaml,1,1,1,1,1
amazonaws.com-kinesis-video-media-2017-09-30-openapi.yaml,1
amazonaws.com-kinesis-video-signaling-2019-12-04-openapi.yaml,2,2
amazonaws.com-kinesisanalytics-2015-08-14-openapi.yaml,1,1,1,1,1,1,1,1,1,1,1,1,1,1,1,1,1,1,1,1
amazonaws.com-kinesisanalyticsv2-2018-05-23-openapi.yaml,1,1,1,1,1,1,1,1,1,1,1,1,1,1,1,1,1,1,1,1,1,1,1,1,1,1
amazonaws.com-kinesisvideo-2017-09-30-openapi.yaml,1,1,1,1,1,1,1,1,1,1,1,1,1,1,1,1,1,1,1
amazonaws.com-kms-2014-11-01-openapi.yaml,1,1,1,1,1,1,1,1,1,1,1,1,1,1,1,1,1,1,1,1,1,1,1,1,1,1,1,1,1,1,1,1,1,1,1,1,1,1,1,1,1,1,1,1,1,1
amazonaws.com-lakeformation-2017-03-31-openapi.yaml,1,1,1,1,1,1,1,1,1,1,1,1,1
amazonaws.com-lambda-2014-11-11-openapi.yaml,3,3,4,3
amazonaws.com-lambda-2015-03-31-openapi.yaml,6,4,4,2,5,3,3,4,4,5,4,4,4,2,4,5,4,2,4,3,4,7,5,3,4
amazonaws.com-lex-models-2017-04-19-openapi.yaml,3,3,3,2,4,6,4,2,4,2,4,4,4,3,2,2,4,3,2,4,4,4,2
amazonaws.com-license-manager-2018-08-01-openapi.yaml,1,1,1,1,1,1,1,1,1,1,1,1,1,1,1,1
amazonaws.com-lightsail-2016-11-28-openapi.yaml,1,1,1,1,1,1,1,1,1,1,1,1,1,1,1,1,1,1,1,1,1,1,1,1,1,1,1,1,1,1,1,1,1,1,1,1,1,1,1,1,1,1,1,1,1,1,1,1,1,1,1,1,1,1,1,1,1,1,1,1,1,1,1,1,1,1,1,1,1,1,1,1,1,1,1,1,1,1,1,1,1,1,1,1,1,1,1,1,1,1,1,1,1,1,1,1,1,1,1,1,1,1,1,1,1,1,1,1,1,1,1,1,1
amazonaws.com-logs-2014-03-28-openapi.yaml,1,1,1,1,1,1,1,1,1,1,1,1,1,1,1,1,1,1,1,1,1,1,1,1,1,1,1,1,1,1,1,1,1,1,1,1,1,1,1,1,1,1
amazonaws.com-machinelearning-2014-12-12-openapi.yaml,1,1,1,1,1,1,1,1,1,1,1,1,1,1,1,1,1,1,1,1,1,1,1,1,1,1,1,1
amazonaws.com-macie-2017-12-19-openapi.yaml,1,1,1,1,1,1,1
amazonaws.com-managedblockchain-2018-09-24-openapi.yaml,3,1,5,3,4,6,2,4,1,5,2
amazonaws.com-marketplace-catalog-2018-09-17-openapi.yaml,1,1,1,1,1,1
amazonaws.com-marketplacecommerceanalytics-2015-07-01-openapi.yaml,1,1
amazonaws.com-mediaconnect-2018-11-14-openapi.yaml,4,4,4,2,3,4,2,2,5,5,5,5,4,4,2
amazonaws.com-mediaconvert-2017-08-29-openapi.yaml,2,3,2,2,2,2,3,3,3,2,3,3,2
amazonaws.com-medialive-2017-10-14-openapi.yaml,4,2,2,2,2,4,3,3,3,3,3,5,3,3,3,2,2,4,4,4,4,4,4
amazonaws.com-mediapackage-2017-10-12-openapi.yaml,1,1,1,2,2,2,2,3,5,2
amazonaws.com-mediapackage-vod-2018-11-07-openapi.yaml,1,1,1,2,2,2,2,2
amazonaws.com-mediastore-2017-09-01-openapi.yaml,1,1,1,1,1,1,1,1,1,1,1,1,1,1,1,1,1,1,1,1,1
amazonaws.com-mediastore-data-2017-09-01-openapi.yaml,1,1
amazonaws.com-mediatailor-2018-04-23-openapi.yaml,2,1,2,1,2
amazonaws.com-meteringmarketplace-2016-01-14-openapi.yaml,1,1,1,1
amazonaws.com-migrationhub-config-2019-06-30-openapi.yaml,1,1,1
amazonaws.com-mobile-2017-07-01-openapi.yaml,1,2,2,1,2,1,1
amazonaws.com-mobileanalytics-2014-06-05-openapi.yaml,2
amazonaws.com-monitoring-2010-08-01-openapi.yaml,1,1,1,1,1,1,1,1,1,1,1,1,1,1,1,1,1,1,1,1,1,1,1,1,1,1,1,1,1,1
amazonaws.com-mq-2017-11-27-openapi.yaml,2,2,3,5,3,3,2,2,3,5,4,4,4
amazonaws.com-mturk-requester-2017-01-17-openapi.yaml,1,1,1,1,1,1,1,1,1,1,1,1,1,1,1,1,1,1,1,1,1,1,1,1,1,1,1,1,1,1,1,1,1,1,1,1,1,1,1
amazonaws.com-neptune-2014-10-31-openapi.yaml,1,1,1,1,1,1,1,1,1,1,1,1,1,1,1,1,1,1,1,1,1,1,1,1,1,1,1,1,1,1,1,1,1,1,1,1,1,1,1,1,1,1,1,1,1,1,1,1,1,1,1,1,1,1,1,1,1,1,1
amazonaws.com-networkmanager-2019-07-05-openapi.yaml,3,3,3,1,3,3,4,2,4,4,4,4,3,3,2,2
amazonaws.com-opsworks-2013-02-18-openapi.yaml,1,1,1,1,1,1,1,1,1,1,1,1,1,1,1,1,1,1,1,1,1,1,1,1,1,1,1,1,1,1,1,1,1,1,1,1,1,1,1,1,1,1,1,1,1,1,1,1,1,1,1,1,1,1,1,1,1,1,1,1,1,1,1,1,1,1,1,1,1,1,1,1,1,1
amazonaws.com-opsworkscm-2016-11-01-openapi.yaml,1,1,1,1,1,1,1,1,1,1,1,1,1,1,1,1,1,1,1
amazonaws.com-organizations-2016-11-28-openapi.yaml,1,1,1,1,1,1,1,1,1,1,1,1,1,1,1,1,1,1,1,1,1,1,1,1,1,1,1,1,1,1,1,1,1,1,1,1,1,1,1,1,1,1,1,1,1,1,1,1,1,1,1
amazonaws.com-outposts-2019-12-03-openapi.yaml,1,2,2,3,1
amazonaws.com-personalize-2018-05-22-openapi.yaml,1,1,1,1,1,1,1,1,1,1,1,1,1,1,1,1,1,1,1,1,1,1,1,1,1,1,1,1,1,1,1,1,1,1,1,1,1,1,1
amazonaws.com-personalize-events-2018-03-22-openapi.yaml,1
amazonaws.com-personalize-runtime-2018-05-22-openapi.yaml,1,1
amazonaws.com-pi-2018-02-27-openapi.yaml,1,1
amazonaws.com-pinpoint-2016-12-01-openapi.yaml,2,4,4,5,5,4,4,2,4,4,4,5,5,5,5,5,3,5,5,5,5,4,5,5,3,5,5,5,5,6,4,6,8,7,6,4,6,6,8,8,6,7,7,7,6,3,5,2,4,4,5,4,4,3,4,6,5
amazonaws.com-pinpoint-email-2018-07-26-openapi.yaml,3,5,3,4,3,4,6,4,4,3,4,4,3,3,5,5,5,4,6,3,5,4,5,5,5,5,5,5,5,5,5,3,3,3
amazonaws.com-polly-2016-06-10-openapi.yaml,3,2,3,2,2,2
amazonaws.com-pricing-2017-10-15-openapi.yaml,1,1,1
amazonaws.com-qldb-2019-01-02-openapi.yaml,1,2,4,3,3,3,3,1,2,2
amazonaws.com-qldb-session-2019-07-11-openapi.yaml,1
amazonaws.com-quicksight-2018-04-01-openapi.yaml,6,4,3,3,5,8,4,6,4,4,6,6,6,6,5,5,5,6,5,5,5,3,7,5,7,5,3,5,5,3,7,5,4,3,6
amazonaws.com-ram-2018-01-04-openapi.yaml,1,1,1,1,1,1,1,1,1,1,1,1,1,1,1,1,1,1,1,1,1,1,1,1
amazonaws.com-rds-2013-01-10-openapi.yaml,1,1,1,1,1,1,1,1,1,1,1,1,1,1,1,1,1,1,1,1,1,1,1,1,1,1,1,1,1,1,1,1,1,1,1,1,1,1,1,1,1,1,1,1,1,1,1,1,1,1
amazonaws.com-rds-2013-02-12-openapi.yaml,1,1,1,1,1,1,1,1,1,1,1,1,1,1,1,1,1,1,1,1,1,1,1,1,1,1,1,1,1,1,1,1,1,1,1,1,1,1,1,1,1,1,1,1,1,1,1,1,1,1,1,1
amazonaws.com-rds-2013-09-09-openapi.yaml,1,1,1,1,1,1,1,1,1,1,1,1,1,1,1,1,1,1,1,1,1,1,1,1,1,1,1,1,1,1,1,1,1,1,1,1,1,1,1,1,1,1,1,1,1,1,1,1,1,1,1,1
amazonaws.com-rds-2014-09-01-openapi.yaml,1,1,1,1,1,1,1,1,1,1,1,1,1,1,1,1,1,1,1,1,1,1,1,1,1,1,1,1,1,1,1,1,1,1,1,1,1,1,1,1,1,1,1,1,1,1,1,1,1,1,1,1,1,1
amazonaws.com-rds-2014-10-31-openapi.yaml,1,1,1,1,1,1,1,1,1,1,1,1,1,1,1,1,1,1,1,1,1,1,1,1,1,1,1,1,1,1,1,1,1,1,1,1,1,1,1,1,1,1,1,1,1,1,1,1,1,1,1,1,1,1,1,1,1,1,1,1,1,1,1,1,1,1,1,1,1,1,1,1,1,1,1,1,1,1,1,1,1,1,1,1,1,1,1,1,1,1,1,1,1,1,1,1,1,1,1,1,1,1,1,1,1,1,1,1,1,1,1,1,1,1,1,1,1,1,1,1,1,1,1,1,1,1,1,1,1,1
amazonaws.com-rds-data-2018-08-01-openapi.yaml,1,1,1,1,1,1
amazonaws.com-redshift-2012-12-01-openapi.yaml,1,1,1,1,1,1,1,1,1,1,1,1,1,1,1,1,1,1,1,1,1,1,1,1,1,1,1,1,1,1,1,1,1,1,1,1,1,1,1,1,1,1,1,1,1,1,1,1,1,1,1,1,1,1,1,1,1,1,1,1,1,1,1,1,1,1,1,1,1,1,1,1,1,1,1,1,1,1,1,1,1,1,1,1,1,1,1,1,1,1,1,1
amazonaws.com-rekognition-2016-06-27-openapi.yaml,1,1,1,1,1,1,1,1,1,1,1,1,1,1,1,1,1,1,1,1,1,1,1,1,1,1,1,1,1,1,1,1,1,1,1,1,1,1,1,1,1,1,1,1,1
amazonaws.com-resource-groups-2017-11-27-openapi.yaml,1,2,3,3,3,1,2
amazonaws.com-resourcegroupstaggingapi-2017-01-26-openapi.yaml,1,1,1,1,1,1,1,1
amazonaws.com-robomaker-2018-06-29-openapi.yaml,1,1,1,1,1,1,1,1,1,1,1,1,1,1,1,1,1,1,1,1,1,1,1,1,1,1,1,1,1,1,1,2,1,1,1,1,2,1,1
amazonaws.com-route53-2013-04-01-openapi.yaml,4,4,2,2,2,2,2,2,3,4,3,3,3,3,4,3,4,4,3,3,2,2,2,4,4,2,4,4,2,2,2,4,3,2,2,3,3,4,2
amazonaws.com-route53domains-2014-05-15-openapi.yaml,1,1,1,1,1,1,1,1,1,1,1,1,1,1,1,1,1,1,1,1,1,1,1,1,1,1,1,1
amazonaws.com-route53resolver-2018-04-01-openapi.yaml,1,1,1,1,1,1,1,1,1,1,1,1,1,1,1,1,1,1,1,1,1,1
amazonaws.com-runtime.lex-2016-11-28-openapi.yaml,7,7,7
amazonaws.com-runtime.sagemaker-2017-05-13-openapi.yaml,3
amazonaws.com-s3-2006-03-01-openapi.yaml,2,2,1,2,1,1,1,1,1,1,1,1,1,1,2,2,1,1,1,1,1,1,1,1,1,1,1,1,2,2,1,2,2,1,1,1,1,1,1,1,2,2,2,2
amazonaws.com-s3control-2018-08-20-openapi.yaml,3,2,4,4,3,3,4,2,4,4
amazonaws.com-sagemaker-2017-07-24-openapi.yaml,1,1,1,1,1,1,1,1,1,1,1,1,1,1,1,1,1,1,1,1,1,1,1,1,1,1,1,1,1,1,1,1,1,1,1,1,1,1,1,1,1,1,1,1,1,1,1,1,1,1,1,1,1,1,1,1,1,1,1,1,1,1,1,1,1,1,1,1,1,1,1,1,1,1,1,1,1,1,1,1,1,1,1,1,1,1,1,1,1,1,1,1,1,1,1,1,1,1,1,1,1,1,1,1,1,1,1,1,1,1,1,1,1,1,1,1,1,1,1,1,1,1,1,1,1,1,1,1,1,1,1,1,1
amazonaws.com-sagemaker-a2i-runtime-2019-11-07-openapi.yaml,2,1,1,2
amazonaws.com-savingsplans-2019-06-28-openapi.yaml,1,1,1,1,1,1,1,1
amazonaws.com-schemas-2019-12-02-openapi.yaml,2,4,7,4,2,9,9,10,2,2,8,5,2,6,5,5,2
amazonaws.com-sdb-2009-04-15-openapi.yaml,1,1,1,1,1,1,1,1,1,1
amazonaws.com-secretsmanager-2017-10-17-openapi.yaml,1,1,1,1,1,1,1,1,1,1,1,1,1,1,1,1,1,1
amazonaws.com-securityhub-2018-10-26-openapi.yaml,1,2,2,2,2,1,1,1,2,2,2,2,2,2,1,1,1,3,2,2,2,1,2,1,3,2,2,2,2,1,2,2,3
amazonaws.com-serverlessrepo-2017-09-08-openapi.yaml,1,4,3,3,2,3,4,3,3,3
amazonaws.com-service-quotas-2019-06-24-openapi.yaml,1,1,1,1,1,1,1,1,1,1,1,1,1,1,1,1
amazonaws.com-servicecatalog-2015-12-10-openapi.yaml,1,1,1,1,1,1,1,1,1,1,1,1,1,1,1,1,1,1,1,1,1,1,1,1,1,1,1,1,1,1,1,1,1,1,1,1,1,1,1,1,1,1,1,1,1,1,1,1,1,1,1,1,1,1,1,1,1,1,1,1,1,1,1,1,1,1,1,1,1,1,1,1,1,1,1,1,1,1,1,1,1,1,1
amazonaws.com-servicediscovery-2017-03-14-openapi.yaml,1,1,1,1,1,1,1,1,1,1,1,1,1,1,1,1,1,1,1,1
amazonaws.com-sesv2-2019-09-27-openapi.yaml,3,5,3,4,3,4,6,4,4,5,3,4,4,3,3,5,5,5,4,6,4,3,5,4,4,5,5,5,5,5,5,5,5,6,5,5,3,3,3
amazonaws.com-shield-2016-06-02-openapi.yaml,1,1,1,1,1,1,1,1,1,1,1,1,1,1,1,1,1,1,1,1
amazonaws.com-signer-2017-08-25-openapi.yaml,2,2,2,1,1,1,2,2
amazonaws.com-sms-2016-10-24-openapi.yaml,1,1,1,1,1,1,1,1,1,1,1,1,1,1,1,1,1,1,1,1,1,1,1,1,1,1,1,1
amazonaws.com-sms-voice-2018-09-05-openapi.yaml,3,5,4,6,4
amazonaws.com-snowball-2016-06-30-openapi.yaml,1,1,1,1,1,1,1,1,1,1,1,1,1,1,1,1,1,1,1
amazonaws.com-sns-2010-03-31-openapi.yaml,1,1,1,1,1,1,1,1,1,1,1,1,1,1,1,1,1,1,1,1,1,1,1,1,1,1,1,1,1,1,1,1,1
amazonaws.com-sqs-2012-11-05-openapi.yaml,3,1,3,1,3,1,1,3,1,3,1,3,1,3,1,1,3,1,3,1,1,3,1,3,1,3,1,3,1,3,1,3,1,3,1,3,1
amazonaws.com-ssm-2014-11-06-openapi.yaml,1,1,1,1,1,1,1,1,1,1,1,1,1,1,1,1,1,1,1,1,1,1,1,1,1,1,1,1,1,1,1,1,1,1,1,1,1,1,1,1,1,1,1,1,1,1,1,1,1,1,1,1,1,1,1,1,1,1,1,1,1,1,1,1,1,1,1,1,1,1,1,1,1,1,1,1,1,1,1,1,1,1,1,1,1,1,1,1,1,1,1,1,1,1,1,1,1,1,1,1,1,1,1,1,1,1,1,1,1,1,1,1,1,1,1,1,1,1,1,1,1,1
amazonaws.com-sso-2019-06-10-openapi.yaml,2,2,2,1
amazonaws.com-sso-oidc-2019-06-10-openapi.yaml,1,2,1
amazonaws.com-states-2016-11-23-openapi.yaml,1,1,1,1,1,1,1,1,1,1,1,1,1,1,1,1,1,1,1,1,1,1
amazonaws.com-storagegateway-2013-06-30-openapi.yaml,1,1,1,1,1,1,1,1,1,1,1,1,1,1,1,1,1,1,1,1,1,1,1,1,1,1,1,1,1,1,1,1,1,1,1,1,1,1,1,1,1,1,1,1,1,1,1,1,1,1,1,1,1,1,1,1,1,1,1,1,1,1,1,1,1,1,1,1,1,1,1,1,1,1,1,1,1,1
amazonaws.com-streams.dynamodb-2012-08-10-openapi.yaml,1,1,1,1
amazonaws.com-sts-2011-06-15-openapi.yaml,1,1,1,1,1,1,1,1
amazonaws.com-support-2013-04-15-openapi.yaml,1,1,1,1,1,1,1,1,1,1,1,1,1,1
amazonaws.com-swf-2012-01-25-openapi.yaml,1,1,1,1,1,1,1,1,1,1,1,1,1,1,1,1,1,1,1,1,1,1,1,1,1,1,1,1,1,1,1,1,1,1,1,1,1
amazonaws.com-synthetics-2017-10-11-openapi.yaml,1,2,1,2,1,3,2,3,3,2
amazonaws.com-textract-2018-06-27-openapi.yaml,1,1,1,1,1,1
amazonaws.com-transcribe-2017-10-26-openapi.yaml,1,1,1,1,1,1,1,1,1,1,1,1,1,1,1,1,1,1,1,1,1,1,1
amazonaws.com-transfer-2018-11-05-openapi.yaml,1,1,1,1,1,1,1,1,1,1,1,1,1,1,1,1,1,1
amazonaws.com-translate-2017-07-01-openapi.yaml,1,1,1,1,1,1,1,1,1
amazonaws.com-waf-2015-08-24-openapi.yaml,1,1,1,1,1,1,1,1,1,1,1,1,1,1,1,1,1,1,1,1,1,1,1,1,1,1,1,1,1,1,1,1,1,1,1,1,1,1,1,1,1,1,1,1,1,1,1,1,1,1,1,1,1,1,1,1,1,1,1,1,1,1,1,1,1,1,1,1,1,1,1,1,1,1,1,1,1
amazonaws.com-waf-regional-2016-11-28-openapi.yaml,1,1,1,1,1,1,1,1,1,1,1,1,1,1,1,1,1,1,1,1,1,1,1,1,1,1,1,1,1,1,1,1,1,1,1,1,1,1,1,1,1,1,1,1,1,1,1,1,1,1,1,1,1,1,1,1,1,1,1,1,1,1,1,1,1,1,1,1,1,1,1,1,1,1,1,1,1,1,1,1,1
amazonaws.com-wafv2-2019-07-29-openapi.yaml,1,1,1,1,1,1,1,1,1,1,1,1,1,1,1,1,1,1,1,1,1,1,1,1,1,1,1,1,1,1,1,1,1,1,1,1,1,1,1,1
amazonaws.com-workdocs-2016-05-01-openapi.yaml,6,5,5,7,5,3,5,5,3,8,4,4,5,6,4,3,7,5,3,4,3,5,5,3,3,6
amazonaws.com-worklink-2018-09-25-openapi.yaml,1,1,1,1,1,1,1,1,1,1,1,1,1,1,1,1,1,1,1,1,1,1,1,1,1,1,1,1,1,1
amazonaws.com-workmail-2017-10-01-openapi.yaml,1,1,1,1,1,1,1,1,1,1,1,1,1,1,1,1,1,1,1,1,1,1,1,1,1,1,1,1,1,1,1,1,1,1,1,1,1,1,1,1
amazonaws.com-workmailmessageflow-2019-05-01-openapi.yaml,2
amazonaws.com-workspaces-2015-04-08-openapi.yaml,1,1,1,1,1,1,1,1,1,1,1,1,1,1,1,1,1,1,1,1,1,1,1,1,1,1,1,1,1,1,1,1,1,1,1,1,1,1,1,1,1
amazonaws.com-xray-2016-04-12-openapi.yaml,1,1,1,1,1,1,1,1,1,1,1,1,1,1,1,1,1,1,1,1
api.gov.uk-vehicle-enquiry-1.1.0-openapi.yaml,2
api2pdf.com-1.0.0-openapi.yaml,2,2,2,1,2,2,1
autodealerdata.com-0.1-openapi.yaml,1,1,1,1,1,1,1,1,1,1,1,1
bbc.com-1.0.0-openapi.yaml,1,1,1,1,1,1,1,1,1,1,1,1,1,1,1,3,3,3,3,3,1
bbci.co.uk-1.0-openapi.yaml,3,1,2,3,3,3,1,3,3,3,4,2,2,3,3,3,3,3,3,2,2,3,1,2,1,1,1,2,2,2
bclaws.ca-bclaws-1.0.0-openapi.yaml,2,3,5,7,6,8,3
bikewise.org-v2-openapi.yaml,2,3,2,3
bintable.com-1.0.0-oas3-openapi.yaml,1,1
box.com-2.0-openapi.yaml,1,1,2,1,2,1,2,1,3,1,2,2,3,1,1,2,1,2,2,2,3,4,4,2,3,3,3,3,3,5,3,3,3,3,3,4,4,3,1,3,2,3,3,3,3,5,3,3,1,2,1,2,3,3,1,2,1,2,1,2,1,2,3,2,2,4,2,2,2,1,1,2,3,1,2,1,1,2,1,2,1,2,1,2,1,2,3,1,2,1,2,1,2,2,3,3,4,4,3,1,2,3,1,2
brex.io-1.0.0-openapi.yaml,5,7,7,7,7,5,5,6,5,5,5,6,5,6,5,7,6,5,5,4,4,4,5,5
bunq.com-1.0-openapi.yaml,1,3,2,1,2,1,1,2,2,1,3,2,1,2,1,1,2,2,5,4,1,2,3,2,2,2,5,4,3,3,4,3,3,3,3,5,6,5,4,3,4,7,3,3,5,6,4,3,5,4,3,5,4,3,4,3,5,4,4,3,5,4,3,3,3,3,4,3,4,3,4,4,5,5,7,6,7,7,8,7,8,6,5,6,6,5,7,8,9,7,7,8,7,8,8,9,9,9,10,9,10,6,5,7,6,5,7,8,7,8,6,7,8,9,5,7,6,5,7,8,7,8,6,5,6,5,6,7,8,7,8,5,5,5,6,7,8,7,8,6,7,8,7,8,5,5,6,7,8,7,8,6,7,8,7,8,5,6,7,8,7,8,5,5,5,6,7,8,7,8,6,7,8,7,8,6,7,8,9,10,9,10,5,6,8,5,6,8,5,6,7,8,7,8,6,7,8,7,8,5,6,9,10,9,10,3,3,3,4,5,6,3,3,4,3,4,4,3,3,4,3,4,3,3,6,3,4
canada-holidays.ca-1.0-openapi.yaml,2,3,4,3,4
chompthis.com-1.0.0-oas3-openapi.yaml,3,3,3,3
configcat.com-v1-openapi.yaml,4,3,6,2,2,4,4,4,3,4
covid19-api.com-1.0.1-openapi.yaml,1,2
cpy.re-peertube-1.3.1-openapi.yaml,1,2,3,3,3,1,2,2,2,2,2,2,2,3,1,2,4,3,4,4,4,3,3,5,2,2,1,2,3,1,2,2,2,2,2,2,2,4,4,2,2,2,3,3,3,4,3,4,4,3,3,3,3,3
datumbox.com-1.0-openapi.yaml,2,2,2,2,2,2,2,2,2,2,2,2,2,2
departureboard.io-2.0-openapi.yaml,2,2,2,2,2,2
exchangerate-api.com-4-openapi.yaml,2
extendsclass.com-json-storage-0.1-openapi.yaml,1,2
extpose.com-1.0.0-openapi.yaml,1
exude-api.herokuapp.com-1.0.0-openapi.yaml,3,3
fraudlabspro.com-fraud-detection-1.1-openapi.yaml,3,3
fraudlabspro.com-sms-verification-1.0-openapi.yaml,3,3
fulfillment.com-2.0-openapi.yaml,1,2,1,2,3,3,1,2
geodatasource.com-1.0-openapi.yaml,1
geodesystems.com-1.0.0-openapi.yaml,3,4,4,4,4,4,4,4,4,4,4,4,4,4,4,4,4,4,4,4,4,4,4,4,4,4,4,4,4,4,4,4,4,4,4,4,4,4,4,4,4,4,4,4,4,4,4,4,4,4,4,4,4,4,4,4,4,4,4,4,4,4,4,4,4,4,4,4,4,4,4,4,4,4,4,4,4,4,4,4,4,4,4,4,4,4,4,4,4,4,4,4,4,4,4,4,4,4,4,4,4,4,4,4,4,4,4,4,4,4,4,4,4,4,4,4,4,4,4,4,4,4,4,4,4,4,4,4,4,4,4,4,4,4,4,4,4,4,4,4,4,4,4,4,4,4,4,4,4,4,4,4,4,4,4,4,4,4,4,4,4,4,4,4,4,4,4,4,4,4,4,4,4,4,4,4,4,4,4,4,4,4,4,4,4,4,4,4,4,4,4,4,4,4,4,4,4,4,4,4,4,4,4,4,4,4,4,4,4,4,4,4,4,4,4,4,4,4,4,4,4,4,4,4,4,4,4,4,4,4,4,4,4,4,4,4,4,4,4,4,4
getthedata.com-bng2latlong-1.0-openapi.yaml,3
github.com-9.0.0-openapi.yaml,1,3,2,3,4,2,3,3,4,3,4,2,1,3,4,2,1,2,3,1,1,1,1,2,2,2,3,4,3,3,3,3,2,3,2,2,1,7,4,4,4,1,2,1,2,3,2,4,4,3,5,1,4,1,3,4,1,2,3,4,3,4,3,3,4,5,3,3,3,3,5,3,3,4,4,3,4,5,7,5,3,4,3,3,4,3,4,3,4,5,6,7,8,9,7,5,5,6,5,6,5,7,6,5,4,5,3,4,4,2,3,4,5,3,1,2,3,6,7,6,7,5,6,6,6,6,5,6,7,7,7,7,7,5,6,6,5,6,7,4,5,4,4,5,6,7,7,7,7,8,7,8,8,8,4,5,6,4,5,5,6,6,4,5,6,4,5,6,4,6,6,6,5,6,6,6,6,5,5,5,5,4,4,5,6,7,4,4,5,4,4,5,6,5,6,6,6,5,6,5,6,5,6,4,5,6,6,4,5,6,5,5,4,4,4,5,4,5,6,7,5,6,5,6,6,6,6,7,6,6,6,4,5,4,5,4,4,4,4,5,6,4,4,5,6,6,4,4,5,6,7,5,6,8,6,6,6,6,6,7,8,8,8,6,4,4,6,5,6,5,6,4,5,5,5,5,5,5,4,4,4,4,4,5,6,6,5,4,4,5,4,1,5,6,2,2,2,2,2,2,2,2,3,4,5,6,7,5,3,3,4,4,3,4,3,5,4,3,1,2,3,3,2,2,2,3,2,3,2,4,5,2,2,3,2,3,3,4,2,3,4,6,2,2,2,2,2,3,2,4,2,4,2,3,1,2,3,5,4,3,3,4,3,3,3,3,3,3,3,3,4,3,3,3
googleapis.com-abusiveexperiencereport-v1-openapi.yaml,2,2
googleapis.com-acceleratedmobilepageurl-v1-openapi.yaml,2
googleapis.com-accessapproval-v1beta1-openapi.yaml,2,2,2,3
googleapis.com-accesscontextmanager-v1-openapi.yaml,2,2,2,3,3,3,3,3
googleapis.com-accesscontextmanager-v1beta-openapi.yaml,2,2,3,3
googleapis.com-adexchangebuyer-v1.2-openapi.yaml,1,2,1,3
googleapis.com-adexchangebuyer-v1.3-openapi.yaml,1,2,1,2,3,1,3,1,2,1,2,3
googleapis.com-adexchangebuyer-v1.4-openapi.yaml,1,2,1,2,3,1,3,5,4,5,1,2,3,3,2,2,2,2,2,3,4,4,4,3,4,3,4,3
googleapis.com-adexperiencereport-v1-openapi.yaml,2,2
googleapis.com-admin-datatransfer_v1-openapi.yaml,1,2,1,2
googleapis.com-admin-reports_v1-openapi.yaml,5,6,4,3,5,5
googleapis.com-adsense-v1.4-openapi.yaml,1,2,3,5,5,6,7,7,5,6,7,5,3,4,3,3,4,4,3,4,1,3,4,5,5,3,4,5,3,1,2,2,2,1,1,2,2,1,2
googleapis.com-adsensehost-v4.1-openapi.yaml,1,2,3,4,5,6,7,3,1,2,3,4,3,4,2,2,1
googleapis.com-alertcenter-v1beta1-openapi.yaml,2,3,4,4,3,2,2,2
googleapis.com-analytics-v2.4-openapi.yaml,1,2,4,6,8,2
googleapis.com-analytics-v3-openapi.yaml,2,2,2,2,2,4,5,4,5,4,5,6,8,8,9,6,7,6,7,6,7,6,7,6,7,8,9,8,9,8,9,8,9,8,9,6,7,2,2,3,2,2,2
googleapis.com-analyticsreporting-v4-openapi.yaml,2,2
googleapis.com-androiddeviceprovisioning-v1-openapi.yaml,2,6,4,4,4,4,4,4,4,4,2,3,3,3,3,3,3,3,3
googleapis.com-androidenterprise-v1-openapi.yaml,1,2,2,2,2,2,2,3,3,3,4,5,3,4,5,5,5,5,5,5,3,3,3,4,3,4,5,6,7,3,3,4,5,5,5,5,6,7,7,8,7,8,7,5,6,5,6,5,3,4,2
googleapis.com-androidmanagement-v1-openapi.yaml,2,2,2,2,2,3,3,3,3,3
googleapis.com-androidpublisher-v1-openapi.yaml,5,6
googleapis.com-androidpublisher-v1.1-openapi.yaml,5,5,6
googleapis.com-androidpublisher-v2-openapi.yaml,2,3,4,5,7,7,6,7,4,4,4,5,6,7,5,4,5,3,3,2,3,3,6,6,6,6,6,6,3,2,3,3
googleapis.com-androidpublisher-v3-openapi.yaml,4,4,2,3,4,5,7,7,4,4,4,5,6,7,5,4,5,3,3,2,3,3,6,6,6,6,6,6,6,6,3,2,3,3,4,5,5
googleapis.com-appengine-v1-openapi.yaml,2,3,4,5,4,4,5,5,6,5,4,5,4,5,4,5,6,7,8,9,9,3
googleapis.com-appengine-v1alpha-openapi.yaml,4,5,4,4,5,4,5,4,5
googleapis.com-appengine-v1beta-openapi.yaml,2,3,4,5,4,4,5,5,6,5,4,5,4,5,4,5,6,7,8,9,9,3
googleapis.com-appsactivity-v1-openapi.yaml,1
googleapis.com-automl-v1beta1-openapi.yaml,2,3,3,2,2,2,2,2,2,2,2,2,2,3,3,3,3,3,2,2,2
googleapis.com-bigquery-v2-openapi.yaml,1,3,4,5,6,5,6,5,6,7,7,3,4,5,3,4,3
googleapis.com-bigqueryconnection-v1beta1-openapi.yaml,2,3,2,2,2
googleapis.com-bigquerydatatransfer-v1-openapi.yaml,2,3,2,3,3,3,3,2,2
googleapis.com-bigqueryreservation-v1-openapi.yaml,2,2,2,3,3,3,3,2
googleapis.com-bigqueryreservation-v1alpha2-openapi.yaml,2,2,2,3,3,3,2
googleapis.com-bigqueryreservation-v1beta1-openapi.yaml,2,2,2,3,3,3,3,2
googleapis.com-bigtableadmin-v1-openapi.yaml
googleapis.com-bigtableadmin-v2-openapi.yaml,2,3,3,2,2,2,2,2,3,3,3,3,2,2,2
googleapis.com-binaryauthorization-v1-openapi.yaml,2,3,2,2,2
googleapis.com-binaryauthorization-v1beta1-openapi.yaml,2,3,2,2,2
googleapis.com-blogger-v2-openapi.yaml,3,4,5,4,5,6,7,3,4
googleapis.com-blogger-v3-openapi.yaml,3,3,4,4,5,6,6,4,4,5,5,5,6,7,8,8,8,6,6,3,4,5,6,7
googleapis.com-books-v1-openapi.yaml,2,2,2,2,2,2,2,2,2,2,2,2,2,3,3,2,3,4,4,4,4,4,3,4,2,2,2,2,2,2,2,2,3,3,4,5,1,2,2,3,2,2,3,4,6,5,6,3,4
googleapis.com-calendar-v3-openapi.yaml,1,2,3,4,4,3,3,4,4,4,4,5,5,2,1,1,3,4,4,3,4,4
googleapis.com-chat-v1-openapi.yaml,2,2,3,3
googleapis.com-civicinfo-v2-openapi.yaml,1,1,1,2,1
googleapis.com-classroom-v1-openapi.yaml,2,4,5,4,5,5,4,6,7,7,7,7,7,5,5,4,5,4,5,4,5,3,2,3,3,2,3,4,5,4,5,3
googleapis.com-cloudasset-v1-openapi.yaml,2,3,2,2
googleapis.com-cloudasset-v1beta1-openapi.yaml,2,2,2
googleapis.com-cloudbilling-v1-openapi.yaml,2,2,2,3,3,3,2,2,2
googleapis.com-cloudbuild-v1-openapi.yaml,4,5,5,5,4,5,5,2,2
googleapis.com-cloudbuild-v1alpha1-openapi.yaml,2,3
googleapis.com-clouddebugger-v2-openapi.yaml,4,5,6,3,5,6,6
googleapis.com-clouderrorreporting-v1beta1-openapi.yaml,2,2,3,3,3
googleapis.com-cloudfunctions-v1-openapi.yaml,2,3,2,3,2,2,3,3,2,2,2
googleapis.com-cloudfunctions-v1beta2-openapi.yaml,2,3,2,3,2,2,3
googleapis.com-cloudidentity-v1-openapi.yaml,2,2,2,2,3,3
googleapis.com-cloudidentity-v1beta1-openapi.yaml,2,2,2,2,2,3,3
googleapis.com-cloudiot-v1-openapi.yaml,2,3,3,2,2,3,3,2,2,2,2,2
googleapis.com-cloudkms-v1-openapi.yaml,2,3,3,2,2,2,2,2,2,2,3,3,3,3,3,2,2,2
googleapis.com-cloudprivatecatalog-v1beta1-openapi.yaml,3,3,3
googleapis.com-cloudprivatecatalogproducer-v1beta1-openapi.yaml,2,2,2,2,2,2,3,3,3,3,2,2,2
googleapis.com-cloudprofiler-v2-openapi.yaml,2,3,3
googleapis.com-cloudresourcemanager-v1-openapi.yaml,2,2,2,3,3,3,3,3,3,2,2,2,2,2,2,2,2,2,2
googleapis.com-cloudresourcemanager-v1beta1-openapi.yaml,2,2,3,3,3,3,3,3,2,2,2,2
googleapis.com-cloudresourcemanager-v2-openapi.yaml,2,2,2,2,2,2,2,2,2
googleapis.com-cloudresourcemanager-v2beta1-openapi.yaml,2,2,2,2,2,2,2,2,2
googleapis.com-cloudscheduler-v1-openapi.yaml,2,3,2,2,2,3
googleapis.com-cloudscheduler-v1beta1-openapi.yaml,2,3,2,2,2,3
googleapis.com-cloudsearch-v1-openapi.yaml,4,3,4,4,3,4,4,4,4,4,3,3,3,3,3,3,3,3,3,3,3,3,4,3,4,3,4,3,4,2
googleapis.com-cloudshell-v1-openapi.yaml,2,2
googleapis.com-cloudshell-v1alpha1-openapi.yaml,2,2,2,3
googleapis.com-cloudtasks-v2-openapi.yaml,2,3,2,2,2,2,3,3,2,2,2
googleapis.com-cloudtasks-v2beta2-openapi.yaml,2,3,2,2,2,2,2,2,2,3,3,3,2,2,2
googleapis.com-cloudtasks-v2beta3-openapi.yaml,2,3,2,2,2,2,3,3,2,2,2
googleapis.com-cloudtrace-v1-openapi.yaml,4,5
googleapis.com-cloudtrace-v2-openapi.yaml,2,3
googleapis.com-commentanalyzer-v1alpha1-openapi.yaml,2,2
googleapis.com-composer-v1-openapi.yaml,2,3,3,3
googleapis.com-composer-v1beta1-openapi.yaml,2,3,3,3
googleapis.com-compute-alpha-openapi.yaml,3,4,3,4,4,5,5,5,5,5,5,5,5,5,1,3,3,3,3,3,3,3,3,3,3,3,3,3,3,3,3,3,3,3,3,3,3,3,3,3,3,4,3,3,3,3,3,3,3,3,2,2,2,2,2,2,3,4,5,5,3,4,5,5,5,5,5,3,4,5,5,5,5,5,3,4,5,5,3,4,5,3,4,5,5,5,3,4,5,3,4,5,3,4,5,3,5,4,5,5,5,5,5,3,4,5,5,5,3,4,5,3,4,5,5,5,5,5,4,5,5,5,3,4,5,5,5,3,4,5,5,5,3,4,5,5,5,3,4,5,5,5,5,5,5,5,5,5,3,4,5,3,4,3,4,3,5,4,3,4,5,5,4,5,5,5,5,3,5,5,5,5,4,3,5,4,3,4,5,4,3,5,4,3,5,4,3,5,4,5,5,3,5,4,5,5,5,5,3,5,4,5,5,3,5,4,5,5,2,2,2,2,3,4,5,6,6,4,5,6,4,5,6,6,4,5,6,6,4,5,4,5,6,6,6,6,6,6,6,6,4,5,6,6,6,4,5,6,4,5,6,4,5,6,6,6,6,4,5,6,6,6,6,6,6,6,6,6,6,6,6,6,6,6,6,4,5,6,6,6,5,4,5,6,6,6,6,4,5,4,5,6,6,6,4,5,6,4,5,6,4,5,6,4,5,4,5,6,6,6,4,6,5,6,6,6,4,6,5,4,6,6,6,5,6,6,4,6,5,6,4,6,5,6,6,4,6,5,6,6,6,6,6,6,4,6,6,5,4,6,5,6,6,4,6,6,5,6,4,6,6,5,2,2,2,2,4,4,4,2,3,4,5,4,5,6,4,5,4,5,6,6,6,6,6,6,6,6,4,5,6,6,6,6,4,5,6,6,6,6,6,6,6,6,6,6,6,6,6,6,6,6,6,4,5,6,6,6,6,6,4,5,5,6,6,6,6,6,6,6,6,6,6,6,6,6,6,6,6,6,6,6,6,6,6,6,6,6,6,6,6,6,6,6,6,6,6,6,6,6,6,6,6,6,4,5,4,5,6,6,6,6,4,5,6,6,6,6,6,6,6,4,5,4,5,6,4,5,6,6,6,6,4,6,5
googleapis.com-compute-beta-openapi.yaml,3,4,3,4,4,5,5,5,5,5,5,5,5,5,1,3,3,3,3,3,3,3,3,3,3,3,3,3,3,3,3,3,3,3,3,3,3,3,3,3,4,3,3,3,3,3,3,3,3,2,2,2,2,2,2,3,4,5,5,3,4,5,5,3,4,5,5,5,5,5,3,4,5,5,3,4,5,3,4,5,5,5,3,4,5,3,4,5,3,4,5,3,5,4,5,5,5,5,5,3,4,5,5,5,3,4,3,4,5,5,5,4,3,4,5,5,3,4,5,5,5,3,4,5,5,5,3,4,5,5,5,5,5,5,5,3,4,5,3,5,4,3,4,5,5,4,5,5,5,5,3,5,5,5,5,4,3,5,4,3,4,5,4,3,5,4,3,5,4,5,5,3,5,4,5,5,5,5,3,4,5,5,3,5,4,5,5,2,2,2,2,3,4,5,6,6,4,5,6,4,5,6,6,4,5,6,4,5,4,5,6,6,6,6,6,6,6,6,4,5,6,6,6,4,5,4,5,4,5,6,6,6,6,6,6,6,6,6,6,6,6,6,6,6,6,4,5,6,6,6,4,5,6,6,4,5,6,6,6,4,5,4,5,6,4,5,6,4,5,6,6,6,4,6,5,6,6,6,4,5,4,6,6,6,5,6,6,4,5,6,4,5,6,6,4,6,5,6,6,6,6,6,6,4,6,6,5,4,5,6,6,4,6,5,6,4,6,6,5,2,2,2,4,4,4,2,3,4,5,4,5,6,4,5,4,5,6,6,6,6,6,6,6,6,4,5,6,6,6,6,6,6,6,6,6,6,6,6,6,6,6,6,6,4,5,6,6,6,6,6,4,5,6,6,6,6,6,6,6,6,6,6,6,6,6,6,6,6,6,6,6,6,6,6,6,6,6,6,6,6,6,6,6,6,6,6,6,6,6,6,6,6,4,5,4,5,6,6,6,6,4,5,6,6,6,6,6,6,6,4,5,4,5,6,4,5,6,6,6,6,4,6,5
googleapis.com-compute-v1-openapi.yaml,1,3,3,3,3,3,3,3,3,3,3,3,3,3,3,3,3,3,3,3,3,3,3,3,3,3,4,3,3,3,3,3,3,3,3,2,2,2,2,2,2,3,4,3,4,5,5,3,4,5,5,5,5,3,4,5,5,3,4,3,4,5,3,4,3,4,3,4,3,5,4,5,5,5,5,5,3,4,5,5,5,3,4,3,4,5,4,5,3,4,5,5,5,3,4,5,5,5,3,4,5,5,5,5,5,3,4,5,3,4,3,4,4,5,5,5,5,3,5,5,5,5,4,3,4,3,4,4,3,4,3,4,5,5,3,4,5,5,5,5,3,4,5,5,3,4,5,5,2,2,2,2,3,4,5,4,5,4,5,6,4,5,4,5,4,5,6,6,6,6,6,6,4,5,6,4,5,4,5,6,6,6,6,6,6,6,6,6,6,4,5,6,6,4,5,4,5,6,6,6,4,5,6,4,5,6,4,5,6,6,6,4,5,6,6,6,4,5,4,6,6,6,5,6,6,4,5,6,4,5,6,6,4,5,6,6,6,6,6,6,4,5,4,5,6,4,6,6,5,6,4,5,2,2,2,4,4,4,2,3,4,5,4,5,4,5,4,5,6,6,6,6,6,6,6,6,4,5,6,6,6,6,6,6,6,6,6,6,4,5,6,6,6,6,4,5,6,6,6,6,6,6,6,6,6,6,6,6,6,6,6,6,6,6,6,6,6,6,6,6,6,6,6,6,6,6,6,6,6,4,5,4,5,6,6,6,6,4,5,6,6,6,6,6,6,6,4,5,4,5,6,4,5,6,6,6,6,4,5
googleapis.com-container-v1-openapi.yaml,6,7,8,8,8,8,8,8,8,9,10,10,10,10,9,8,7,7,7,7,7,6,7,7,6,2,3,2,2,2,2,2,2,2,2,2,2,2,2,2,2,2,2,2,4,4,3,3,3,3
googleapis.com-containeranalysis-v1alpha1-openapi.yaml,2,3,3,3,3,3,3,3,2,2,2
googleapis.com-containeranalysis-v1beta1-openapi.yaml,2,3,3,3,3,3,3,3,3,2,2,2
googleapis.com-content-v2-openapi.yaml,2,2,2,2,2,2,2,2,2,2,2,2,2,2,2,3,4,4,2,3,2,3,2,3,4,2,3,5,2,3,4,4,5,4,4,4,4,3,5,2,3,2,3,4,4,4,4,4,4,4,4,4,4,4,4,4,4,3,4,4,4,5,2,3,2,3,2,3,2,2,2,2,4,4,3
googleapis.com-content-v2.1-openapi.yaml,2,2,2,2,2,2,2,2,2,2,2,2,2,2,2,2,2,3,4,4,4,2,3,2,3,2,3,4,2,3,2,3,4,4,5,4,4,4,4,3,5,2,3,2,3,4,4,4,4,4,4,4,4,4,4,4,4,3,4,4,4,5,2,3,4,4,2,3,2,2,3,2,3,2,3,4,2,3,2,2,2,2,4,4,3
googleapis.com-customsearch-v1-openapi.yaml,1,2
googleapis.com-dataflow-v1b3-openapi.yaml,4,4,5,7,7,6,6,6,6,5,4,6,6,6,7,9,9,8,8,8,8,8,7,6,7,6,6,6,6,4,5,4,4,4
googleapis.com-datafusion-v1beta1-openapi.yaml,2,3,3,2,2,2,3,2,2,2
googleapis.com-dataproc-v1-openapi.yaml,6,7,7,6,7,7,6,6,2,2,2,3,3,3,2,2,2
googleapis.com-dataproc-v1beta2-openapi.yaml,6,7,7,7,7,6,7,7,6,6,2,2,2,3,3,3,2,2,2
googleapis.com-datastore-v1-openapi.yaml,4,5,3,3,3,3,3,3,3,3,3,2,3,2
googleapis.com-datastore-v1beta1-openapi.yaml,3,3
googleapis.com-datastore-v1beta3-openapi.yaml,3,3,3,3,3,3,3
googleapis.com-deploymentmanager-alpha-openapi.yaml,3,4,3,4,5,5,6,5,6,5,5,5,5,3,4,3,4,5,6,3,4
googleapis.com-deploymentmanager-v2-openapi.yaml,3,4,5,5,6,5,6,5,5,5,5,3,4,3
googleapis.com-deploymentmanager-v2beta-openapi.yaml,3,4,3,4,5,5,6,5,6,5,5,5,5,3,4,3,4,5,6,3
googleapis.com-dfareporting-v3.3-openapi.yaml,4,1,2,4,3,4,3,4,3,4,3,4,3,4,3,4,3,4,3,4,3,3,5,4,3,4,3,3,4,3,4,4,4,3,4,5,3,5,6,4,3,4,3,4,4,3,4,3,4,3,4,3,3,4,4,3,4,3,4,3,3,3,4,3,4,3,4,3,4,3,4,3,4,3,4,4,3,4,3,4,3,4,5,6,5,6,5,6,3,3,4,3,4,3,5,4,5,6,5,3,4,3,4,3,4,3,4,3,4,3,4,3,4,3,4,3,4
googleapis.com-digitalassetlinks-v1-openapi.yaml,2,2
googleapis.com-discovery-v1-openapi.yaml,1,4
googleapis.com-dlp-v2-openapi.yaml,2,4,2,2,2,2,2,3,3,3,3,3,3,3,3,5,5,5,5,5,5,5,5,5,3
googleapis.com-dns-v1-openapi.yaml,1,2,3,4,5,4,5,4,5,4,2,3
googleapis.com-dns-v1beta2-openapi.yaml,1,2,3,4,5,4,5,4,5,4,2,3
googleapis.com-dns-v2beta1-openapi.yaml,1,2,3,4,5,4,5,4,5,4,2,3
googleapis.com-docs-v1-openapi.yaml,2,3,3
googleapis.com-domainsrdap-v1-openapi.yaml,3,3,2,2,3,2,2,4,3,2
googleapis.com-doubleclickbidmanager-v1-openapi.yaml,2,2,1,3,1,2,2
googleapis.com-doubleclicksearch-v2-openapi.yaml,7,5,1,2,1,2,2,4
googleapis.com-drive-v2-openapi.yaml,1,1,2,1,2,2,2,2,1,2,3,3,1,2,2,2,3,4,5,6,3,3,3,4,3,4,3,4,3,4,3,3,3,3,3,4,2,1,2
googleapis.com-drive-v3-openapi.yaml,1,1,2,2,2,1,2,3,3,1,2,2,2,3,4,5,6,3,3,3,4,3,4,3,1,2
googleapis.com-driveactivity-v2-openapi.yaml,2
googleapis.com-factchecktools-v1alpha1-openapi.yaml,2,2,2
googleapis.com-fcm-v1-openapi.yaml,3
googleapis.com-file-v1-openapi.yaml,2,3,3,2,3
googleapis.com-file-v1beta1-openapi.yaml,2,3,3,2,3
googleapis.com-firebase-v1beta1-openapi.yaml,2,2,2,3,3,3,3,3,3,2,2,2,2
googleapis.com-firebasedynamiclinks-v1-openapi.yaml,2,2,2,2,3
googleapis.com-firebasehosting-v1beta1-openapi.yaml,2,3,3,3,3,3,2
googleapis.com-firebaserules-v1-openapi.yaml,2,3,3,2,2
googleapis.com-firestore-v1-openapi.yaml,3,3,3,3,3,3,2,3,3,2,2,2,3,3,3,2,2
googleapis.com-firestore-v1beta1-openapi.yaml,3,3,3,3,3,3,2,2,2,3,3,2,2
googleapis.com-firestore-v1beta2-openapi.yaml,2,2,2,3,3
googleapis.com-fitness-v1-openapi.yaml,2,3,4,5,2,2,3
googleapis.com-games-v1-openapi.yaml,1,2,3,3,3,3,2,2,3,1,1,1,2,2,3,4,4,1,4,2,3,4,6,3,1,2,2,1,2,2,3,3,3,3,3,2,1,2,2,2,3,3,3,3,3,3,3,3,3
googleapis.com-gamesConfiguration-v1configuration-openapi.yaml,4,5,5,6,4
googleapis.com-gamesManagement-v1management-openapi.yaml,2,2,2,3,3,4,5,2,2,2,3,3,4,4,2,2,2,2,2,2,2
googleapis.com-genomics-v1-openapi.yaml,2,2
googleapis.com-genomics-v1alpha2-openapi.yaml,2,3,2,2,2,2,2
googleapis.com-genomics-v2alpha1-openapi.yaml,2,3,2,2,2
googleapis.com-gmail-v1-openapi.yaml,5,6,6,5,5,6,5,6,6,6,6,6,7,7,7,8,5,6,6,7,6,7,6,7,6,6,6,6,7,8,9,10,8,6,5,5,6,7,7,7,5
googleapis.com-groupsmigration-v1-openapi.yaml,2
googleapis.com-groupssettings-v1-openapi.yaml,1
googleapis.com-healthcare-v1beta1-openapi.yaml,2,3,3,3,4,3,3,2,2,2,3,3,4,3,5,4,4,3,3,3,3,2,2,2,2,2
googleapis.com-homegraph-v1-openapi.yaml,2,2,2,2,2
googleapis.com-iam-v1-openapi.yaml,2,2,2,2,2,2,3,3,3,2,2,2,2,2,3,2,2,2
googleapis.com-iamcredentials-v1-openapi.yaml,2,2,2,2
googleapis.com-iap-v1-openapi.yaml,2,2,2,3,3,2,2,2
googleapis.com-iap-v1beta1-openapi.yaml,2,2,2
googleapis.com-identitytoolkit-v3-openapi.yaml,1,1,1,1,1,1,1,1,1,1,1,1,1,1,1,1,1,1,1,1
googleapis.com-indexing-v3-openapi.yaml,3,2
googleapis.com-jobs-v2-openapi.yaml,2,2,2,2,2,2,2,3,2,1
googleapis.com-jobs-v3-openapi.yaml,2,2,3,3,3,3,3,3
googleapis.com-jobs-v3p1beta1-openapi.yaml,2,2,3,3,3,3,3,3
googleapis.com-kgsearch-v1-openapi.yaml,2
googleapis.com-language-v1-openapi.yaml,2,2,2,2,2,2
googleapis.com-language-v1beta1-openapi.yaml,2,2,2,2
googleapis.com-language-v1beta2-openapi.yaml,2,2,2,2,2,2
googleapis.com-libraryagent-v1-openapi.yaml,2,2,2,2,3
googleapis.com-licensing-v1-openapi.yaml,4,5,4,2
googleapis.com-logging-v2-openapi.yaml,2,2,2,2,2,2,3,3,3,3,3,3,2
googleapis.com-manufacturers-v1-openapi.yaml,3,4
googleapis.com-mirror-v1-openapi.yaml,4,1,2,1,2,2,1,2,1,2,3,4
googleapis.com-monitoring-v1-openapi.yaml,2,3
googleapis.com-monitoring-v3-openapi.yaml,2,2,3,3,3,3,3,3,3,3,3,3,2,2,2,3,3,3
googleapis.com-oauth2-v1-openapi.yaml,3,3,3
googleapis.com-oauth2-v2-openapi.yaml,3,3,3
googleapis.com-oslogin-v1-openapi.yaml,2,3,2
googleapis.com-oslogin-v1alpha-openapi.yaml,2,3,2
googleapis.com-oslogin-v1beta-openapi.yaml,2,3,2
googleapis.com-pagespeedonline-v1-openapi.yaml,1
googleapis.com-pagespeedonline-v2-openapi.yaml,1
googleapis.com-pagespeedonline-v4-openapi.yaml,1
googleapis.com-pagespeedonline-v5-openapi.yaml,3
googleapis.com-people-v1-openapi.yaml,2,2,2,2,2,3,3,2,2,2,2
googleapis.com-playcustomapp-v1-openapi.yaml,2
googleapis.com-policytroubleshooter-v1beta-openapi.yaml,2
googleapis.com-poly-v1-openapi.yaml,2,2,3,3
googleapis.com-proximitybeacon-v1beta1-openapi.yaml,2,2,2,2,2,2,2,3,3,3,2,2,2,2
googleapis.com-pubsub-v1-openapi.yaml,2,3,3,3,2,2,2,2,2,2,2,2,2,2,2,3,3,2
googleapis.com-pubsub-v1beta1a-openapi.yaml,2,3,3,3,3,3,3,2,3,3,3
googleapis.com-pubsub-v1beta2-openapi.yaml,2,3,3,2,2,2,2,2,2,2,2,2,3,2
googleapis.com-recommender-v1beta1-openapi.yaml,2,2,2,2,2,3,3
googleapis.com-redis-v1-openapi.yaml,2,3,3,2,2,2,2,2,3
googleapis.com-redis-v1beta1-openapi.yaml,2,3,3,2,2,2,2,2,3
googleapis.com-remotebuildexecution-v1-openapi.yaml,3,2,2
googleapis.com-remotebuildexecution-v1alpha-openapi.yaml,2,3,3
googleapis.com-remotebuildexecution-v2-openapi.yaml,5,3,5,3,3,3,3,2
googleapis.com-replicapool-v1beta1-openapi.yaml,4,5,6,7,8,6,6
googleapis.com-reseller-v1-openapi.yaml,1,2,3,4,5,5,5,5,5,5,2,2,2,1
googleapis.com-run-v1-openapi.yaml,3,4,4,5,5,4,5,5,5,5,2,3,3,3,3,3,3,3,3,2,2,2
googleapis.com-run-v1beta1-openapi.yaml,4,4,2,3
googleapis.com-runtimeconfig-v1-openapi.yaml,2,2
googleapis.com-runtimeconfig-v1beta1-openapi.yaml,2,2,3,3,3,2,2,2
googleapis.com-safebrowsing-v4-openapi.yaml,3,3,2,2,2,2,2
googleapis.com-script-v1-openapi.yaml,2,2,2,3,4,4,5,4,4,5,3
googleapis.com-searchconsole-v1-openapi.yaml,3
googleapis.com-securitycenter-v1-openapi.yaml,2,2,2,3,3,3,3,3,3,3,2,2,2
googleapis.com-securitycenter-v1beta1-openapi.yaml,2,2,2,3,3,3,3,3,3,2,2,2
googleapis.com-securitycenter-v1p1alpha1-openapi.yaml,2,2
googleapis.com-servicebroker-v1-openapi.yaml,2,2,2
googleapis.com-servicebroker-v1alpha1-openapi.yaml,2,3,3,4,5,6,7,8,7,5,2,2,2
googleapis.com-servicebroker-v1beta1-openapi.yaml,2,3,3,3,3,4,4,5,2,2,2
googleapis.com-serviceconsumermanagement-v1-openapi.yaml,2,2,2,2,2,2,2,3,2,2
googleapis.com-servicecontrol-v1-openapi.yaml,3,3,3
googleapis.com-servicemanagement-v1-openapi.yaml,2,2,3,4,4,5,4,4,5,3,3,3,2,2,2,2,2
googleapis.com-servicenetworking-v1-openapi.yaml,2,2,3,3,2,2,2,2,2
googleapis.com-servicenetworking-v1beta-openapi.yaml,2,3,3,2,2
googleapis.com-serviceusage-v1-openapi.yaml,2,2,2,2,2,3,3,3
googleapis.com-serviceusage-v1beta1-openapi.yaml,2,2,2,2,3,3,3,3,3
googleapis.com-sheets-v4-openapi.yaml,2,3,5,4,5,5,5,5,4,4,4,4,4,4,3,3
googleapis.com-siteVerification-v1-openapi.yaml,1,1,2
googleapis.com-slides-v1-openapi.yaml,2,3,5,6,3
googleapis.com-sourcerepo-v1-openapi.yaml,2,3,3,2,3,2,2,2
googleapis.com-spanner-v1-openapi.yaml,2,3,3,3,2,2,3,3,3,3,3,3,3,2,2,2,2,2,2,2,2,2,2,2,2,2
googleapis.com-speech-v1-openapi.yaml,2,3,2,2,2,3
googleapis.com-speech-v1p1beta1-openapi.yaml,2,3,2,2,2,3
googleapis.com-sqladmin-v1beta4-openapi.yaml,3,5,6,7,7,8,7,7,7,8,7,7,7,7,7,7,7,7,7,7,7,7,8,7,7,7,7,7,7,5,6,5
googleapis.com-storage-v1-openapi.yaml,1,2,3,4,3,4,3,4,3,3,4,3,4,4,5,6,5,6,5,9,9,2,3,4,3
googleapis.com-storage-v1beta2-openapi.yaml,1,2,3,4,3,4,3,4,4,5,6,5,9,2
googleapis.com-storagetransfer-v1-openapi.yaml,3,2,2,2,2,2,2
googleapis.com-streetviewpublish-v1-openapi.yaml,2,3,3,2,2,2,2,2
googleapis.com-tagmanager-v1-openapi.yaml,3,4,5,6,7,8,7,8,9,8,8,7,8,7,8,7,8,7,8,9,9,9,5,6
googleapis.com-tasks-v1-openapi.yaml,3,3,4,5,3,4
googleapis.com-testing-v1-openapi.yaml,3,4,5,5,3
googleapis.com-texttospeech-v1-openapi.yaml,2,2
googleapis.com-texttospeech-v1beta1-openapi.yaml,2,2
googleapis.com-toolresults-v1beta3-openapi.yaml,3,4,5,6,7,8,7,8,7,8,9,9,10,11,11,9,10,9,8,3,2,1
googleapis.com-tpu-v1-openapi.yaml,2,3,3,2,2,2,2,3,3,3
googleapis.com-tpu-v1alpha1-openapi.yaml,2,3,3,2,2,2,2,3,3,3
googleapis.com-translate-v2-openapi.yaml,1,2,2
googleapis.com-translate-v3beta1-openapi.yaml,2,3,3,2,2,3,3,2,2,2
googleapis.com-vault-v1-openapi.yaml,2,3,4,5,4,5,6,7,5,5,4,5,3,3,3,3,3,2
googleapis.com-verifiedaccess-v1-openapi.yaml,2,2
googleapis.com-videointelligence-v1-openapi.yaml,3,3,2,2,3,2
googleapis.com-videointelligence-v1beta2-openapi.yaml,2
googleapis.com-videointelligence-v1p1beta1-openapi.yaml,2
googleapis.com-videointelligence-v1p2beta1-openapi.yaml,2
googleapis.com-videointelligence-v1p3beta1-openapi.yaml,2
googleapis.com-vision-v1-openapi.yaml,2,2,2,2,2,3,2,2,2,3,3,3,3,3,3,3,3,3
googleapis.com-vision-v1p1beta1-openapi.yaml,2,2,2,2,3,3,3,3
googleapis.com-vision-v1p2beta1-openapi.yaml,2,2,2,2,3,3,3,3
googleapis.com-webfonts-v1-openapi.yaml,1
googleapis.com-webmasters-v3-openapi.yaml,1,2,4,3,4
googleapis.com-websecurityscanner-v1-openapi.yaml,2,2,2,3,3,3,3,3
googleapis.com-websecurityscanner-v1alpha-openapi.yaml,2,2,2,3,3,3,3,3
googleapis.com-websecurityscanner-v1beta-openapi.yaml,2,2,2,3,3,3,3,3
googleapis.com-youtube-v3-openapi.yaml,1,1,2,2,1,1,1,1,2,2,1,1,1,1,2,2,2,2,2,2,1,1,1,1,1,1,1,1,1,2,1,1,1,2,2,2,2,2
googleapis.com-youtubeAnalytics-v1-openapi.yaml
googleapis.com-youtubeAnalytics-v2-openapi.yaml,2,2,2
googleapis.com-youtubereporting-v1-openapi.yaml,2,3,4,5,3,2
gov.bc.ca-bcdc-3.0.1-openapi.yaml,2,2,2,2,2,2,2,2,2,2,2,2,2,2,2,2,2,2,2,2,2,2
gov.bc.ca-bcgnws-3.x.x-openapi.yaml,1,1,1,2,1,2,3,3,2,2,3,3,2,2
gov.bc.ca-geocoder-2.0.0-openapi.yaml,1,2,2,2,2,2,2,2,2,2,3,2,2,2,2,3
gov.bc.ca-geomark-4.1.2-openapi.yaml,2,2,2,3,3,3,3
gov.bc.ca-gwells-v1-openapi.yaml,3,1,1,2,3,2
gov.bc.ca-jobposting-1.0.0-openapi.yaml,1,1,1,1,1
gov.bc.ca-news-1.0-openapi.yaml,3,2,2,3,4,2,4,3,5,7,2,5,4,5,4,3,2,2,3,2,3,2,3,2,3,2,3
gov.bc.ca-open511-1.0.0-openapi.yaml,1,1,1,1
gov.bc.ca-router-2.0.0-openapi.yaml,1,1,2,1,1,1,2,2,3,2,2,2
hackathonwatch.com-0.1-openapi.yaml,2,2,1,2
icons8.com-1.0.0-openapi.yaml,4,4,4,4,4,4,4,4
interzoid.com-convertcurrency-1.0.0-openapi.yaml,1
interzoid.com-getaddressmatch-1.0.0-openapi.yaml,1
interzoid.com-getareacodefromnumber-1.0.0-openapi.yaml,1
interzoid.com-getcitymatch-1.0.0-openapi.yaml,1
interzoid.com-getcitystandard-1.0.0-openapi.yaml,1
interzoid.com-getcompanymatch-1.0.0-openapi.yaml,1
interzoid.com-getcountrymatch-1.0.0-openapi.yaml,1
interzoid.com-getcountrystandard-1.0.0-openapi.yaml,1
interzoid.com-getcurrencyrate-1.0.0-openapi.yaml,1
interzoid.com-getemailinfo-1.0.0-openapi.yaml,1
interzoid.com-getfullnamematch-1.0.0-openapi.yaml,1
interzoid.com-getfullnameparsedmatch-1.0.0-openapi.yaml,1
interzoid.com-getglobalnumberinfo-1.0.0-openapi.yaml,1
interzoid.com-getglobaltime-1.0.0-openapi.yaml,1
interzoid.com-getstateabbreviation-1.0.0-openapi.yaml,1
interzoid.com-getweathercity-1.0.0-openapi.yaml,1
interzoid.com-getweatherzip-1.0.0-openapi.yaml,1
interzoid.com-getzipinfo-1.0.0-openapi.yaml,1
interzoid.com-globalpageload-1.0.0-openapi.yaml,1
interzoid.com-lookupareacode-1.0.0-openapi.yaml,1
ip2location.com-geolocation-1.0-openapi.yaml,1
ip2proxy.com-1.0-openapi.yaml,1
ip2whois.com-1.0-openapi.yaml,1
ipinfodb.com-1.0-openapi.yaml
iptwist.com-1.0.0-openapi.yaml,1
linode.com-4.5.0-openapi.yaml,1,2,2,2,3,4,4,2,3,4,2,2,3,4,4,2,3,4,3,2,3,2,2,3,4,1,2,2,3,3,4,1,2,2,3,4,5,5,5,6,4,4,4,5,4,5,6,6,6,4,5,4,4,4,4,4,4,4,4,6,4,4,2,3,2,3,2,3,2,3,2,3,2,3,2,3,3,4,4,2,3,2,3,2,3,4,4,2,3,3,3,3,3,1,2,3,4,5,6,5,3,2,4,5,5,5,2,3,2,3,1,2,3,2,3,2,2,2,3,2,2,2,2,3,1,2,2,3,4,4,4,1,2,1,2,3,3,3,3
listennotes.com-2.0-openapi.yaml,1,1,2,1,2,3,1,1,1,1,2,2,3,1,1,1
mailboxvalidator.com-checker-1.0.0-openapi.yaml,3
mailboxvalidator.com-disposable-1.0.0-openapi.yaml,3
mailboxvalidator.com-validation-0.1-openapi.yaml,3
math.tools-1.5-openapi.yaml,2,3,3,3,2,2,2,2,2,2,2,2,3,3,3,2,2,3,3,3,3,3,3,3,3,2
mercure.local-0.3.2-openapi.yaml,1
microsoft.com-graph-1.0.1-openapi.yaml,1,2,3,1,2,1,2,3,4,5,4,2,3,4,5,4,2,3,4,5,4,2,3,4,2,3,3,4,5,6,4,5,6,4,5,2,3,2,3,4,4,5,4,5,4,4,5,6,7,2,3,2,3,2,3,4,5,4,4,5,4,4,5,2,3,4,4,5,4,5,2,2,3,4,5,4,4,5,4,4,2,3,4,2,3,1,2,3,2,2,3,4,5,6,6,6,6,6,6,6,6,6,6,6,6,6,6,6,6,6,6,2,3,2,3,4,4,5,4,5,4,4,5,4,4,5,6,7,4,4,5,2,2,3,4,5,2,2,3,4,4,5,4,5,4,4,5,4,4,5,2,3,4,4,5,4,2,3,2,3,4,2,2,3,2,2,3,4,4,4,4,4,5,4,5,4,4,4,4,4,4,4,4,4,4,4,4,4,4,4,2,3,2,3,4,5,4,2,3,4,4,2,3,2,3,2,3,4,5,6,2,2,3,2,3,4,5,6,4,5,2,3,2,2,3,2,3,1,2,3,4,3,4,3,4,1,2,3,1,2,2,3,3,3,3,1,2,1,2,3,4,1,2,1,2,3,4,3,4,3,4,3,1,2,3,2,3,4,3,4,5,6,3,3,4,5,5,5,6,7,7,2,2,2,2,2,3,1,2,3,4,3,4,5,4,5,6,7,4,4,5,6,6,6,7,8,8,3,3,3,3,3,4,1,2,3,4,4,5,4,5,4,5,2,3,4,3,4,3,2,3,4,5,4,5,2,3,4,5,4,5,4,1,2,3,3,1,2,1,2,1,2,2,3,4,3,3,4,5,5,6,6,7,6,6,6,6,7,6,7,7,8,8,8,8,8,6,7,6,7,6,6,4,5,5,6,6,7,6,6,6,6,7,6,7,7,8,8,8,8,8,6,7,6,7,6,6,4,5,4,5,3,4,4,5,5,6,5,6,7,7,8,8,8,8,8,6,7,7,8,8,8,8,8,6,7,6,7,5,5,5,6,5,6,6,7,7,7,7,7,5,6,5,6,5,5,3,4,5,6,7,8,9,10,9,10,9,9,10,10,9,10,9,9,10,7,3,3,3,4,3,4,4,5,5,6,5,6,7,7,8,8,8,8,8,6,7,7,8,8,8,8,8,6,7,6,7,5,5,5,6,5,6,6,7,7,7,7,7,5,6,5,6,5,5,3,4,3,4,3,4,3,4,3,4,5,5,6,6,7,8,9,8,8,9,8,9,10,10,10,11,12,12,12,13,12,13,13,12,10,11,10,6,7,8,8,8,9,10,10,10,11,10,11,11,10,8,9,8,9,10,9,9,10,9,10,11,11,4,5,4,5,6,6,6,7,7,8,9,10,9,9,10,9,10,11,11,11,12,13,13,13,11,12,11,7,8,9,9,9,10,11,11,11,9,10,9,10,11,10,10,11,10,11,12,12,6,7,7,7,8,9,9,9,7,8,8,9,10,11,10,10,11,10,11,12,12,8,9,10,10,7,8,9,9,10,9,10,11,11,8,8,9,8,9,10,10,6,4,5,4,5,6,7,7,8,7,8,9,9,9,10,11,11,11,12,11,12,12,11,9,10,9,6,6,7,6,7,8,8,8,9,10,10,10,11,11,12,11,12,13,13,10,11,11,10,8,9,9,10,9,10,11,11,8,4,5,6,6,6,7,8,8,8,9,9,10,11,12,11,11,12,11,12,13,13,9,10,11,11,8,9,9,8,6,7,7,8,9,10,9,9,10,9,10,11,11,7,8,9,9,6,7,8,8,9,8,9,10,10,7,7,8,7,8,9,9,3,4,3,3,4,3,4,5,3,4,3,3,3,3,4,3,4,3,3,4,5,6,7,8,7,8,7,7,8,8,7,8,7,7,8,5,3,1,2,3,1,2,3,3,4,5,6,2,2,3,4,4,5,5,6,5,5,5,5,6,5,6,6,7,7,7,7,7,5,6,5,6,5,5,3,4,4,5,5,6,5,5,5,5,6,5,6,6,7,7,7,7,7,5,6,5,6,5,5,3,4,3,4,2,3,4,5,6,7,7,8,8,9,8,8,8,8,9,8,9,9,10,10,10,10,10,8,9,8,9,8,8,6,7,7,8,8,9,8,8,8,8,9,8,9,9,10,10,10,10,10,8,9,8,9,8,8,6,7,6,7,2,3,3,4,4,5,4,5,6,6,7,7,7,7,7,5,6,6,7,7,7,7,7,5,6,5,6,4,4,4,5,4,5,5,6,6,6,6,6,4,5,4,5,4,4,2,3,4,5,5,6,6,7,6,6,6,6,7,6,7,7,8,8,8,8,8,6,7,6,7,6,6,4,5,5,6,6,7,6,6,6,6,7,6,7,7,8,8,8,8,8,6,7,6,7,6,6,4,5,4,5,2,2,3,3,4,5,5,4,5,5,6,7,6,7,6,6,7,4,5,4,5,2,3,3,4,5,4,5,4,4,5,2,3,2,3,2,3,2,2,3,2,3,3,4,4,5,4,5,6,6,7,7,7,7,7,5,6,6,7,7,7,7,7,5,6,5,6,4,4,4,5,4,5,5,6,6,6,6,6,4,5,4,5,4,4,2,3,2,2,2,2,2,3,4,2,3,4,5,5,3,4,5,3,4,5,2,3,2,3,3,4,5,5,6,6,4,4,5,4,5,5,6,7,6,6,6,6,6,7,6,6,6,7,6,6,6,6,7,4,4,5,4,5,2,3,3,2,3,4,4,4,4,4,5,4,5,4,4,4,4,4,4,4,4,4,4,4,4,4,4,4,2,2,3,2,3,3,4,5,4,4,4,4,4,5,4,4,4,5,4,4,4,4,5,2,3,4,4,5,5,6,7,8,7,7,8,7,8,9,9,9,10,11,11,11,12,11,12,12,11,9,10,9,5,6,7,7,7,8,9,9,9,10,9,10,10,9,7,8,7,8,9,8,8,9,8,9,10,10,3,4,3,4,5,5,5,6,6,7,8,9,8,8,9,8,9,10,10,10,11,12,12,12,10,11,10,6,7,8,8,8,9,10,10,10,8,9,8,9,10,9,9,10,9,10,11,11,5,6,6,6,7,8,8,8,6,7,7,8,9,10,9,9,10,9,10,11,11,7,8,9,9,6,7,8,8,9,8,9,10,10,7,7,8,7,8,9,9,5,3,4,3,4,5,6,6,7,6,7,8,8,8,9,10,10,10,11,10,11,11,10,8,9,8,5,5,6,5,6,7,7,7,8,9,9,9,10,10,11,10,11,12,12,9,10,10,9,7,8,8,9,8,9,10,10,7,3,4,5,5,5,6,7,7,7,8,8,9,10,11,10,10,11,10,11,12,12,8,9,10,10,7,8,8,7,5,6,6,7,8,9,8,8,9,8,9,10,10,6,7,8,8,5,6,7,7,8,7,8,9,9,6,6,7,6,7,8,8,2,3,4,3,3,3,2,3,2,3,2,3,2,2,3,2,3,4,3,4,2,3,2,2,2,2,2,1,2,3,4,3,1,2,3,4,5,2,3,4,5,4,4,5,2,3,4,4,4,4,1,2,2,2,2,2,2,2,2,2,2,2,2,2,2,2,2,2,2,2,2,2,2,2,2,2,2,2,2,2,2,2,2,2,2,2,2,2,2,2,2,2,2,2,2,2,2,2,2,2,2,2,2,2,2,2,2,2,2,2,2,2,2,2,2,2,2,2,2,2,2,2,2,2,2,2,2,2,2,2,2,2,2,2,2,2,2,2,2,2,1,2,1,2,3,3,4,3,4,5,4,5,6,7,4,4,5,6,6,6,7,8,8,3,4,4,4,5,6,6,3,3,1,2,3,4,3,4,5,6,3,3,4,3,3,4,3,4,5,6,5,6,7,8,5,5,6,7,7,7,8,9,9,3,4,5,5,6,6,7,8,9,8,8,9,8,9,10,10,10,11,12,12,12,13,12,13,13,12,10,11,10,6,7,8,8,8,9,10,10,10,11,10,11,11,10,8,9,8,9,10,9,9,10,9,10,11,11,4,5,4,5,6,6,6,7,7,8,9,10,9,9,10,9,10,11,11,11,12,13,13,13,11,12,11,7,8,9,9,9,10,11,11,11,9,10,9,10,11,10,10,11,10,11,12,12,6,7,7,7,8,9,9,9,7,8,8,9,10,11,10,10,11,10,11,12,12,8,9,10,10,7,8,9,9,10,9,10,11,11,8,8,9,8,9,10,10,6,4,5,4,5,6,7,7,8,7,8,9,9,9,10,11,11,11,12,11,12,12,11,9,10,9,6,6,7,6,7,8,8,8,9,10,10,10,11,11,12,11,12,13,13,10,11,11,10,8,9,9,10,9,10,11,11,8,4,5,6,6,6,7,8,8,8,9,9,10,11,12,11,11,12,11,12,13,13,9,10,11,11,8,9,9,8,6,7,7,8,9,10,9,9,10,9,10,11,11,7,8,9,9,6,7,8,8,9,8,9,10,10,7,7,8,7,8,9,9,3,4,1,2,1,2,1,2,2,3,4,4,5,6,7,3,3,4,5,5,6,6,7,6,6,6,6,7,6,7,7,8,8,8,8,8,6,7,6,7,6,6,4,5,5,6,6,7,6,6,6,6,7,6,7,7,8,8,8,8,8,6,7,6,7,6,6,4,5,4,5,3,4,5,6,7,8,8,9,9,10,9,9,9,9,10,9,10,10,11,11,11,11,11,9,10,9,10,9,9,7,8,8,9,9,10,9,9,9,9,10,9,10,10,11,11,11,11,11,9,10,9,10,9,9,7,8,7,8,3,4,4,5,5,6,5,6,7,7,8,8,8,8,8,6,7,7,8,8,8,8,8,6,7,6,7,5,5,5,6,5,6,6,7,7,7,7,7,5,6,5,6,5,5,3,4,5,6,6,7,7,8,7,7,7,7,8,7,8,8,9,9,9,9,9,7,8,7,8,7,7,5,6,6,7,7,8,7,7,7,7,8,7,8,8,9,9,9,9,9,7,8,7,8,7,7,5,6,5,6,3,3,4,4,5,6,6,5,6,6,7,8,7,8,7,7,8,5,6,5,6,3,4,4,5,6,5,6,5,5,6,3,4,3,4,3,4,3,3,4,3,4,4,5,5,6,5,6,7,7,8,8,8,8,8,6,7,7,8,8,8,8,8,6,7,6,7,5,5,5,6,5,6,6,7,7,7,7,7,5,6,5,6,5,5,3,4,3,3,3,3,3,4,5,3,4,5,6,6,4,5,6,4,5,6,3,4,3,4,4,5,6,6,7,7,5,5,6,5,6,6,7,8,7,7,7,7,7,8,7,7,7,8,7,7,7,7,8,5,5,6,5,6,3,4,4,3,4,5,5,5,5,5,6,5,6,5,5,5,5,5,5,5,5,5,5,5,5,5,5,5,3,3,4,3,4,4,5,6,5,5,5,5,5,6,5,5,5,6,5,5,5,5,6,3,4,5,5,6,6,7,8,9,8,8,9,8,9,10,10,10,11,12,12,12,13,12,13,13,12,10,11,10,6,7,8,8,8,9,10,10,10,11,10,11,11,10,8,9,8,9,10,9,9,10,9,10,11,11,4,5,4,5,6,6,6,7,7,8,9,10,9,9,10,9,10,11,11,11,12,13,13,13,11,12,11,7,8,9,9,9,10,11,11,11,9,10,9,10,11,10,10,11,10,11,12,12,6,7,7,7,8,9,9,9,7,8,8,9,10,11,10,10,11,10,11,12,12,8,9,10,10,7,8,9,9,10,9,10,11,11,8,8,9,8,9,10,10,6,4,5,4,5,6,7,7,8,7,8,9,9,9,10,11,11,11,12,11,12,12,11,9,10,9,6,6,7,6,7,8,8,8,9,10,10,10,11,11,12,11,12,13,13,10,11,11,10,8,9,9,10,9,10,11,11,8,4,5,6,6,6,7,8,8,8,9,9,10,11,12,11,11,12,11,12,13,13,9,10,11,11,8,9,9,8,6,7,7,8,9,10,9,9,10,9,10,11,11,7,8,9,9,6,7,8,8,9,8,9,10,10,7,7,8,7,8,9,9,3,4,5,4,4,4,3,4,3,4,3,4,3,3,4,3,4,5,4,5,3,4,3,3,3,3,3,1,2,3,4,3,3,3,3,3,3,3,4,4,4,5,6,6,3,4,3,3,3,4,3,4,5,3,4,5,4,4,4,5,5,5,5,5,5,5,5,5,5,5,5,5,5,5,5,5,5,5,5,5,5,5,5,5,5,5,5,5,5,5,5,5,5,5,5,5,5,5,5,5,5,5,5,5,5,5,5,5,5,5,5,5,5,5,5,5,5,5,5,5,5,5,5,5,5,5,5,5,5,5,5,5,5,5,5,5,5,5,5,5,5,5,5,5,5,5,5,5,5,5,5,5,5,5,5,5,5,5,5,5,5,5,5,5,5,5,5,5,5,5,5,5,5,5,5,5,5,5,5,5,5,5,5,5,5,5,5,5,5,5,5,5,5,5,5,5,5,5,5,5,5,5,5,5,5,5,5,5,5,5,5,5,5,5,5,5,5,5,5,5,5,5,5,5,5,5,5,5,5,5,5,5,5,5,5,5,5,5,5,5,5,5,5,5,5,5,5,5,5,5,5,5,5,5,5,5,5,5,5,5,5,5,5,5,5,5,5,5,5,5,5,5,5,5,5,5,5,5,5,5,5,5,5,5,5,5,5,5,5,5,5,5,5,5,5,5,5,5,5,5,5,5,5,5,5,5,5,5,5,5,5,5,5,5,5,5,5,5,5,5,5,5,5,5,5,5,5,5,5,5,5,5,5,5,5,5,5,5,5,5,5,5,5,5,5,5,5,5,5,5,5,5,5,5,5,5,5,5,5,5,5,5,5,5,5,5,5,5,5,5,5,5,5,5,5,5,5,5,5,5,5,5,5,5,5,5,5,5,5,5,5,5,5,5,5,5,5,5,5,5,5,5,5,5,5,5,5,5,5,5,5,5,5,5,5,5,5,5,5,5,5,5,5,5,5,4,5,5,5,6,6,7,7,8,8,8,8,8,9,10,11,12,12,13,11,12,13,14,11,12,13,14,11,12,13,10,11,12,12,13,11,12,13,14,11,12,13,14,11,12,13,10,11,12,12,13,11,12,13,14,11,12,13,14,11,12,13,9,10,11,12,12,11,9,10,11,11,10,9,9,9,9,9,10,11,12,12,11,9,10,10,10,11,12,13,13,12,13,11,12,12,12,13,14,15,15,9,9,9,10,11,12,12,11,9,10,10,10,10,10,7,8,8,8,9,7,8,8,9,9,10,10,10,10,10,7,8,8,7,7,7,8,8,8,8,9,9,10,10,10,10,11,11,12,12,12,12,12,12,12,12,12,12,12,12,11,11,11,9,9,9,9,9,9,10,10,10,10,11,9,10,10,10,9,9,10,10,10,10,10,7,7,4,4,4,5,5,5,5,6,6,7,7,7,7,8,8,9,9,9,9,9,9,9,9,9,9,9,9,8,8,8,6,6,6,6,6,6,7,7,7,7,8,6,7,7,7,6,6,7,7,8,8,8,8,8,9,10,11,12,12,13,11,12,13,14,11,12,13,14,11,12,13,10,11,12,12,13,11,12,13,14,11,12,13,14,11,12,13,10,11,12,12,13,11,12,13,14,11,12,13,14,11,12,13,9,10,11,12,12,11,9,10,11,11,10,9,9,9,9,9,10,11,12,12,11,9,10,10,10,11,12,13,13,12,13,11,12,12,12,13,14,15,15,9,9,9,10,11,12,12,11,9,10,10,10,10,10,7,8,8,8,9,9,10,10,10,10,10,7,8,8,9,9,10,10,10,10,10,7,8,8,7,7,7,8,8,8,8,9,9,9,9,9,9,9,7,7,4,5,5,6,6,7,7,7,7,7,8,9,10,11,11,12,10,11,12,13,10,11,12,13,10,11,12,9,10,11,11,12,10,11,12,13,10,11,12,13,10,11,12,9,10,11,11,12,10,11,12,13,10,11,12,13,10,11,12,8,9,10,11,11,10,8,9,10,10,9,8,8,8,8,8,9,10,11,11,10,8,9,9,9,10,11,12,12,11,12,10,11,11,11,12,13,14,14,8,8,8,9,10,11,11,10,8,9,9,9,9,9,6,7,7,7,8,8,9,9,9,9,9,6,7,7,8,8,9,9,9,9,9,6,7,7,6,6,6,7,7,7,7,8,8,9,9,9,9,10,10,11,11,11,11,11,11,11,11,11,11,11,11,10,10,10,8,8,8,8,8,8,9,9,9,9,10,8,9,9,9,8,8,9,9,9,9,9,6,6
mycru.io-1.0.0-openapi.yaml,3
namsor.com-2.0.5-openapi.yaml,6,5,3,3,3,3,3,4,3,4,4,3,5,3,3,6,6,3,5,4,3,5,6,3,3,5,3,4,3,5,3,4,3,5,3,6,3,3,5,3,5,3,4,3,4,5,3,3,3,3,4,6,3,7,3,8,4,3,4,3,4,4,4,3,3,4,3,3,5,5,4,6,5,5,3,6,3,4,4,4,5
neowsapp.com-1.0-openapi.yaml,3,4,4,4,5,4,3
nic.at-domainfinder-1.0.0-openapi.yaml,3
nsidc.org-1.0.0-openapi.yaml,1,1,1,1
oceandrivers.com-1.0-openapi.yaml,5
opendatanetwork.com-1.0.0-openapi.yaml,4,4,3,2,3,3,3,3
openlinksw.com-osdb-1.0.0-openapi.yaml,4,5,6,6,3,3,3,4
parliament.uk-search-Live-openapi.yaml,1,1,1
patientview.org-1.0-openapi.yaml,2,3,3,3,2,2,2,6,7,3,3,4,5,3
patrowl.local-1.0.0-openapi.yaml,1,1,2,2,1,1,1,1,1,1,2,2,1,1
pdfbroker.io-v1-openapi.yaml,2,3,3,3,3,3,3
randommer.io-v1-openapi.yaml,2,3,2,2,3,2,3,3,3,3,2,3,3,3,3
rapidapi.com-football-prediction-2-openapi.yaml,3,3,3,3,4
rebilly.com-2.1-openapi.yaml,1,2,1,2,1,1,2,3,1,2,3,1,2,1,2,1,1,2,3,2,3,1,2,2,3,1,2,1,1,2,3,3,4,3,1,2,3,1,2,3,3,1,2,3,3,3,3,3,3,3,4,3,3,1,2,3,3,3,1,2,1,2,3,3,3,1,2,1,2,1,2,3,3,1,2,1,2,1,1,2,1,2,1,2,1,2,3,3,3,3,4,3,5,1,2,3,4,1,2,1,2,3,3,3,3,3,4
ritekit.com-1.0.0-openapi.yaml,3,3,3,3,3,3,3,3,3,3,4,3,3
shutterstock.com-1.0.16-openapi.yaml,2,3,4,5,3,3,3,5,3,3,3,2,3,4,5,6,3,4,4,3,3,4,5,3,3,2,3,3,4,5,6,4,5,3,5,3,3,3,3,4,3,3,2,3,2,3,3,2,3,3,4,5,3,5,3,3,3,4
stackexchange.com-2.0-openapi.yaml,2,3,1,2,3,3,1,2,2,2,2,3,1,2,3,3,1,2,1,2,2,1,2,1,1,2,2,2,2,3,2,2,3,2,2,2,3,2,2,3,3,3,3,2,2,3,2,2,4,4,2,2,2,2,1,2,1,2,3,3,3,4,1,1,2,2,2,2,3,3,3,3,3,2,1,2,1,1,1,2,1,2,2,2,3,3,3,3,3,4,4,1,2,3,2,3,3,3,3,4,3,3,3,3,4,4,4,4,3,3,3,3,3,3,4,3,4,3,4,5,5,3,3,3
tisane.ai-1.0.0-openapi.yaml,1,1
tomtom.com-maps-1.0.0-openapi.yaml,3,4,7,6,3,8,8,6
tomtom.com-routing-1.0.0-openapi.yaml,5,5
tomtom.com-search-1.0.0-openapi.yaml,3,4,4,4,3,4,4,4,5,4,5,6,4,4,4,3
twitter.com-labs-1.12-openapi.yaml,3,3,5,4,5,6,5,5,3
twitter.com-labs-2.4-openapi.yaml,3,3,4,4,5,3,4,6,4
vimeo.com-3.4-openapi.yaml,1,1,2,3,3,3,4,1,2,3,4,3,4,4,5,3,4,3,3,4,5,5,5,5,6,5,1,1,1,2,3,3,4,1,1,2,3,4,5,6,2,2,3,2,3,2,3,2,2,2,3,2,3,2,3,3,3,4,2,3,2,3,4,5,2,3,4,2,3,4,5,2,3,3,4,2,3,2,3,3,2,2,3,4,5,3,4,5,4,5,4,4,5,4,5,6,4,5,4,5,6,4,5,2,3,2,3,1,1,2,3,4,5,6,5,6,5,6,7,3,3,4,3,4,3,4,3,3,3,4,3,4,3,4,4,4,3,4,3,4,5,6,3,4,5,3,4,5,6,4,3,4,3,4,1,2,3,3,3,4,5,3,4,3,3,4,4,4,5,4,5,3,4,3,4,3,4,3,3
visualcrossing.com-weather-4.5-openapi.yaml,5,5
vonage.com-account-1.11.8-openapi.yaml,3,4,5
vonage.com-extension-1.11.8-openapi.yaml,4,5
vonage.com-reports-1.0.0-openapi.yaml,3
vonage.com-user-1.11.8-openapi.yaml,4,5
vonage.com-vgis-1.0.1-openapi.yaml,1,2,2,3,3,4,4,4,4,2,3,3,2,3,4
whatsapp.local-1.0-openapi.yaml,1,2,2,2,3,3,1,1,2,3,3,3,3,3,1,1,2,1,2,1,3,2,4,5,2,3,3,3,2,2,2,1,1,2,2,2
wheretocredit.com-1.0-openapi.yaml,3,3
xkcd.com-1.0.0-openapi.yaml,1,2
