1forge.com-0.0.1-swagger.yaml,1.0,1.0,1.0,1.0,1.0,1.0,1.0
6-dot-authentiqio.appspot.com-6-swagger.yaml,1.0,0.8,1.0,1.0,1.0,1.0,1.0
adafruit.com-2.0.0-swagger.yaml,0.3888889,1.0,1.0,0.9722222,1.0,1.0,1.0
adobe.com-aem-2.5.0-pre-swagger.yaml,1.0,0.71794873,0.53846157,0.8974359,1.0,1.0,0.974359
afterbanks.com-3.0.0-swagger.yaml,1.0,0.6666667,1.0,1.0,1.0,1.0,1.0
agco-ats.com-v1-swagger.yaml,1.0,0.036697246,1.0,0.82568806,0.0,0.0,1.0
aiception.com-1.0.0-swagger.yaml,0.2,0.5,1.0,1.0,1.0,1.0,1.0
airport-web.appspot.com-v1-swagger.yaml,0.0,1.0,1.0,1.0,0.0,0.0,1.0
akeneo.com-1.0.0-swagger.yaml,0.75438595,1.0,1.0,0.9298246,0.0,0.0,1.0
amentum.space-atmosphere-0.9.4-swagger.yaml,1.0,1.0,1.0,1.0,1.0,1.0,1.0
amentum.space-cosmic-ray-1.2.0-swagger.yaml,0.0,1.0,1.0,1.0,1.0,1.0,1.0
amentum.space-global-magnet-1.0.1-swagger.yaml,0.0,1.0,1.0,1.0,1.0,1.0,1.0
anchore.io-0.1.13-swagger.yaml,0.74603176,0.5873016,1.0,0.984127,1.0,1.0,1.0
apache.org-qakka-v1-swagger.yaml,1.0,0.2857143,1.0,1.0,1.0,1.0,1.0
apacta.com-0.0.1-swagger.yaml,0.14814815,1.0,1.0,0.962963,1.0,1.0,0.9259259
api2cart.com-1.1-swagger.yaml,0.9153846,1.0,0.0076923077,0.7692308,1.0,1.0,1.0
apidapp.com-2019-02-14T164701Z-swagger.yaml,1.0,1.0,1.0,1.0,1.0,1.0,1.0
apigee.net-marketcheck-cars-1.6-swagger.yaml,0.8947368,1.0,1.0,1.0,1.0,1.0,1.0
apimatic.io-1.0-swagger.yaml,1.0,1.0,1.0,1.0,1.0,1.0,1.0
apis.guru-2.0.1-swagger.yaml,1.0,1.0,0.0,1.0,1.0,1.0,1.0
appveyor.com-1.0.0-swagger.yaml,1.0,0.2647059,1.0,1.0,1.0,1.0,1.0
archive.org-search-1.0.0-swagger.yaml,1.0,1.0,1.0,1.0,1.0,0.0,1.0
archive.org-wayback-1.0.0-swagger.yaml,1.0,1.0,1.0,1.0,1.0,0.0,1.0
art19.com-1.0.0-swagger.yaml,0.72727275,1.0,1.0,1.0,1.0,1.0,1.0
atlassian.com-jira-v3-swagger.yaml,0.9897959,0.52040815,1.0,0.96428573,1.0,1.0,1.0
ato.gov.au-0.0.6-swagger.yaml,1.0,0.42105263,1.0,1.0,1.0,1.0,1.0
aucklandmuseum.com-2.0.0-swagger.yaml,1.0,1.0,1.0,1.0,1.0,1.0,1.0
authentiq.io-1.0-swagger.yaml,0.6666667,1.0,1.0,1.0,1.0,1.0,1.0
avaza.com-v1-swagger.yaml,1.0,0.0,1.0,1.0,0.0,1.0,1.0
aviationdata.systems-v1-swagger.yaml,0.0,1.0,1.0,1.0,1.0,0.0,1.0
axesso.de-1.0.0-swagger.yaml,1.0,1.0,1.0,1.0,1.0,1.0,1.0
azure.com-addons-addons-swagger-2018-03-01-swagger.yaml,1.0,0.0,1.0,1.0,1.0,1.0,1.0
azure.com-adhybridhealthservice-ADHybridHealthService-2014-01-01-swagger.yaml,1.0,0.0,1.0,1.0,1.0,1.0,1.0
azure.com-advisor-2020-01-01-swagger.yaml,1.0,0.0,1.0,1.0,1.0,1.0,1.0
azure.com-alertsmanagement-AlertsManagement-2018-11-02-privatepreview-swagger.yaml,1.0,0.0,1.0,1.0,1.0,1.0,1.0
azure.com-alertsmanagement-AlertsManagement-2019-03-01-swagger.yaml,1.0,0.0,1.0,1.0,1.0,1.0,1.0
azure.com-alertsmanagement-AlertsManagement-2019-05-05-preview-swagger.yaml,1.0,0.0,1.0,1.0,1.0,1.0,1.0
azure.com-alertsmanagement-SmartDetectorAlertRulesApi-2019-06-01-swagger.yaml,1.0,0.0,1.0,1.0,1.0,1.0,1.0
azure.com-analysisservices-2017-08-01-beta-swagger.yaml,1.0,0.0,1.0,1.0,1.0,1.0,1.0
azure.com-analysisservices-2017-08-01-swagger.yaml,1.0,0.0,1.0,1.0,1.0,1.0,1.0
azure.com-apimanagement-2019-01-01-swagger.yaml,NaN,NaN,NaN,NaN,NaN,NaN,NaN
azure.com-apimanagement-2019-12-01-preview-swagger.yaml,NaN,NaN,NaN,NaN,NaN,NaN,NaN
azure.com-apimanagement-apimapis-2019-01-01-swagger.yaml,1.0,0.0,1.0,1.0,0.0,1.0,1.0
azure.com-apimanagement-apimapis-2019-12-01-preview-swagger.yaml,1.0,0.0,1.0,1.0,0.0,1.0,1.0
azure.com-apimanagement-apimapisByTags-2018-06-01-preview-swagger.yaml,1.0,0.0,1.0,1.0,0.0,1.0,1.0
azure.com-apimanagement-apimapisByTags-2019-01-01-swagger.yaml,1.0,0.0,1.0,1.0,0.0,1.0,1.0
azure.com-apimanagement-apimapisByTags-2019-12-01-preview-swagger.yaml,1.0,0.0,1.0,1.0,0.0,1.0,1.0
azure.com-apimanagement-apimapiversionsets-2019-01-01-swagger.yaml,1.0,0.0,1.0,1.0,0.0,1.0,1.0
azure.com-apimanagement-apimapiversionsets-2019-12-01-preview-swagger.yaml,1.0,0.0,1.0,1.0,0.0,1.0,1.0
azure.com-apimanagement-apimauthorizationservers-2019-01-01-swagger.yaml,1.0,0.0,1.0,1.0,0.0,1.0,1.0
azure.com-apimanagement-apimauthorizationservers-2019-12-01-preview-swagger.yaml,1.0,0.0,1.0,1.0,0.0,1.0,1.0
azure.com-apimanagement-apimbackends-2019-01-01-swagger.yaml,1.0,0.0,1.0,1.0,0.0,1.0,1.0
azure.com-apimanagement-apimbackends-2019-12-01-preview-swagger.yaml,1.0,0.0,1.0,1.0,0.0,1.0,1.0
azure.com-apimanagement-apimcaches-2019-01-01-swagger.yaml,1.0,0.0,1.0,1.0,0.0,1.0,1.0
azure.com-apimanagement-apimcaches-2019-12-01-preview-swagger.yaml,1.0,0.0,1.0,1.0,0.0,1.0,1.0
azure.com-apimanagement-apimcertificates-2019-01-01-swagger.yaml,1.0,0.0,1.0,1.0,0.0,1.0,1.0
azure.com-apimanagement-apimcertificates-2019-12-01-preview-swagger.yaml,1.0,0.0,1.0,1.0,0.0,1.0,1.0
azure.com-apimanagement-apimdeployment-2019-01-01-swagger.yaml,1.0,0.0,1.0,0.8,0.0,1.0,1.0
azure.com-apimanagement-apimdeployment-2019-12-01-preview-swagger.yaml,1.0,0.0,1.0,0.8,0.0,1.0,1.0
azure.com-apimanagement-apimdiagnostics-2019-01-01-swagger.yaml,1.0,0.0,1.0,1.0,0.0,1.0,1.0
azure.com-apimanagement-apimdiagnostics-2019-12-01-preview-swagger.yaml,1.0,0.0,1.0,1.0,0.0,1.0,1.0
azure.com-apimanagement-apimemailtemplates-2019-01-01-swagger.yaml,1.0,0.0,1.0,1.0,0.0,1.0,1.0
azure.com-apimanagement-apimemailtemplates-2019-12-01-preview-swagger.yaml,1.0,0.0,1.0,1.0,0.0,1.0,1.0
azure.com-apimanagement-apimgroups-2019-01-01-swagger.yaml,1.0,0.0,1.0,1.0,0.0,1.0,1.0
azure.com-apimanagement-apimgroups-2019-12-01-preview-swagger.yaml,1.0,0.0,1.0,1.0,0.0,1.0,1.0
azure.com-apimanagement-apimidentityprovider-2019-01-01-swagger.yaml,1.0,0.0,1.0,1.0,0.0,1.0,1.0
azure.com-apimanagement-apimidentityprovider-2019-12-01-preview-swagger.yaml,1.0,0.0,1.0,1.0,0.0,1.0,1.0
azure.com-apimanagement-apimissues-2019-01-01-swagger.yaml,1.0,0.0,1.0,1.0,0.0,1.0,1.0
azure.com-apimanagement-apimissues-2019-12-01-preview-swagger.yaml,1.0,0.0,1.0,1.0,0.0,1.0,1.0
azure.com-apimanagement-apimloggers-2019-01-01-swagger.yaml,1.0,0.0,1.0,1.0,0.0,1.0,1.0
azure.com-apimanagement-apimloggers-2019-12-01-preview-swagger.yaml,1.0,0.0,1.0,1.0,0.0,1.0,1.0
azure.com-apimanagement-apimnamedvalues-2019-12-01-preview-swagger.yaml,1.0,0.0,1.0,1.0,0.0,1.0,1.0
azure.com-apimanagement-apimnetworkstatus-2019-01-01-swagger.yaml,1.0,0.0,1.0,1.0,0.0,1.0,1.0
azure.com-apimanagement-apimnetworkstatus-2019-12-01-preview-swagger.yaml,1.0,0.0,1.0,1.0,0.0,1.0,1.0
azure.com-apimanagement-apimnotifications-2019-01-01-swagger.yaml,1.0,0.0,1.0,1.0,0.0,1.0,1.0
azure.com-apimanagement-apimnotifications-2019-12-01-preview-swagger.yaml,1.0,0.0,1.0,1.0,0.0,1.0,1.0
azure.com-apimanagement-apimopenidconnectproviders-2019-01-01-swagger.yaml,1.0,0.0,1.0,1.0,0.0,1.0,1.0
azure.com-apimanagement-apimopenidconnectproviders-2019-12-01-preview-swagger.yaml,1.0,0.0,1.0,1.0,0.0,1.0,1.0
azure.com-apimanagement-apimpolicies-2019-01-01-swagger.yaml,1.0,0.0,1.0,1.0,0.0,1.0,1.0
azure.com-apimanagement-apimpolicies-2019-12-01-preview-swagger.yaml,1.0,0.0,1.0,1.0,0.0,1.0,1.0
azure.com-apimanagement-apimpolicydescriptions-2019-12-01-preview-swagger.yaml,1.0,0.0,1.0,1.0,0.0,1.0,1.0
azure.com-apimanagement-apimpolicysnippets-2019-01-01-swagger.yaml,1.0,0.0,1.0,1.0,0.0,1.0,1.0
azure.com-apimanagement-apimproducts-2019-01-01-swagger.yaml,1.0,0.0,1.0,1.0,0.0,1.0,1.0
azure.com-apimanagement-apimproducts-2019-12-01-preview-swagger.yaml,1.0,0.0,1.0,1.0,0.0,1.0,1.0
azure.com-apimanagement-apimproductsByTags-2019-01-01-swagger.yaml,1.0,0.0,1.0,1.0,0.0,1.0,1.0
azure.com-apimanagement-apimproductsByTags-2019-12-01-preview-swagger.yaml,1.0,0.0,1.0,1.0,0.0,1.0,1.0
azure.com-apimanagement-apimproperties-2019-01-01-swagger.yaml,1.0,0.0,1.0,1.0,0.0,1.0,1.0
azure.com-apimanagement-apimquotas-2019-01-01-swagger.yaml,1.0,0.0,1.0,1.0,0.0,1.0,1.0
azure.com-apimanagement-apimquotas-2019-12-01-preview-swagger.yaml,1.0,0.0,1.0,1.0,0.0,1.0,1.0
azure.com-apimanagement-apimregions-2019-01-01-swagger.yaml,1.0,0.0,1.0,1.0,0.0,1.0,1.0
azure.com-apimanagement-apimregions-2019-12-01-preview-swagger.yaml,1.0,0.0,1.0,1.0,0.0,1.0,1.0
azure.com-apimanagement-apimreports-2019-01-01-swagger.yaml,1.0,0.0,1.0,1.0,0.0,1.0,1.0
azure.com-apimanagement-apimreports-2019-12-01-preview-swagger.yaml,1.0,0.0,1.0,1.0,0.0,1.0,1.0
azure.com-apimanagement-apimsubscriptions-2019-01-01-swagger.yaml,1.0,0.0,1.0,1.0,0.0,1.0,1.0
azure.com-apimanagement-apimsubscriptions-2019-12-01-preview-swagger.yaml,1.0,0.0,1.0,1.0,0.0,1.0,1.0
azure.com-apimanagement-apimtagresources-2019-01-01-swagger.yaml,1.0,0.0,1.0,1.0,0.0,1.0,1.0
azure.com-apimanagement-apimtagresources-2019-12-01-preview-swagger.yaml,1.0,0.0,1.0,1.0,0.0,1.0,1.0
azure.com-apimanagement-apimtags-2019-01-01-swagger.yaml,1.0,0.0,1.0,1.0,0.0,1.0,1.0
azure.com-apimanagement-apimtags-2019-12-01-preview-swagger.yaml,1.0,0.0,1.0,1.0,0.0,1.0,1.0
azure.com-apimanagement-apimtenant-2019-01-01-swagger.yaml,1.0,0.0,1.0,1.0,0.0,1.0,1.0
azure.com-apimanagement-apimtenant-2019-12-01-preview-swagger.yaml,1.0,0.0,1.0,1.0,0.0,1.0,1.0
azure.com-apimanagement-apimusers-2019-01-01-swagger.yaml,1.0,0.0,1.0,1.0,0.0,1.0,1.0
azure.com-apimanagement-apimusers-2019-12-01-preview-swagger.yaml,1.0,0.0,1.0,1.0,0.0,1.0,1.0
azure.com-apimanagement-apimversionsets-2018-01-01-swagger.yaml,1.0,0.0,1.0,1.0,0.0,1.0,1.0
azure.com-apimanagement-apimversionsets-2018-06-01-preview-swagger.yaml,1.0,0.0,1.0,1.0,0.0,1.0,1.0
azure.com-apimanagement-definitions-2019-01-01-swagger.yaml,NaN,NaN,NaN,NaN,NaN,NaN,NaN
azure.com-apimanagement-definitions-2019-12-01-preview-swagger.yaml,NaN,NaN,NaN,NaN,NaN,NaN,NaN
azure.com-appconfiguration-2019-10-01-swagger.yaml,1.0,0.0,1.0,1.0,1.0,1.0,1.0
azure.com-appconfiguration-2019-11-01-preview-swagger.yaml,1.0,0.0,1.0,1.0,1.0,1.0,1.0
azure.com-applicationinsights-aiOperations_API-2015-05-01-swagger.yaml,1.0,0.0,1.0,1.0,1.0,1.0,1.0
azure.com-applicationinsights-analyticsItems_API-2015-05-01-swagger.yaml,1.0,0.0,1.0,1.0,1.0,1.0,1.0
azure.com-applicationinsights-componentApiKeys_API-2015-05-01-swagger.yaml,1.0,0.0,1.0,1.0,0.0,1.0,1.0
azure.com-applicationinsights-componentContinuousExport_API-2015-05-01-swagger.yaml,1.0,0.0,1.0,1.0,1.0,1.0,1.0
azure.com-applicationinsights-componentFeaturesAndPricing_API-2017-10-01-swagger.yaml,1.0,0.0,1.0,1.0,1.0,1.0,1.0
azure.com-applicationinsights-componentProactiveDetection_API-2018-05-01-preview-swagger.yaml,1.0,0.0,1.0,1.0,1.0,1.0,1.0
azure.com-applicationinsights-components_API-2015-05-01-swagger.yaml,1.0,0.0,1.0,1.0,1.0,1.0,1.0
azure.com-applicationinsights-componentWorkItemConfigs_API-2015-05-01-swagger.yaml,1.0,0.0,1.0,1.0,1.0,1.0,1.0
azure.com-applicationinsights-eaSubscriptionMigration_API-2017-10-01-swagger.yaml,1.0,0.0,1.0,0.33333334,1.0,1.0,1.0
azure.com-applicationinsights-favorites_API-2015-05-01-swagger.yaml,1.0,0.0,1.0,1.0,1.0,1.0,1.0
azure.com-applicationinsights-QueryPackQueries_API-2019-09-01-preview-swagger.yaml,1.0,0.0,1.0,1.0,1.0,1.0,1.0
azure.com-applicationinsights-QueryPacks_API-2019-09-01-preview-swagger.yaml,1.0,0.0,1.0,1.0,1.0,1.0,1.0
azure.com-applicationinsights-swagger-2018-04-20-swagger.yaml,1.0,0.0,1.0,1.0,1.0,1.0,1.0
azure.com-applicationinsights-webTestLocations_API-2015-05-01-swagger.yaml,1.0,0.0,1.0,1.0,1.0,1.0,1.0
azure.com-applicationinsights-webTests_API-2015-05-01-swagger.yaml,1.0,0.0,1.0,1.0,1.0,1.0,1.0
azure.com-applicationinsights-workbookOperations_API-2018-06-17-preview-swagger.yaml,1.0,0.0,1.0,1.0,1.0,1.0,1.0
azure.com-applicationinsights-workbooks_API-2018-06-17-preview-swagger.yaml,1.0,0.0,1.0,1.0,1.0,1.0,1.0
azure.com-applicationinsights-workbookTemplates_API-2019-10-17-preview-swagger.yaml,1.0,0.0,1.0,1.0,1.0,1.0,1.0
azure.com-appplatform-2019-05-01-preview-swagger.yaml,1.0,0.0,1.0,0.9047619,1.0,1.0,1.0
azure.com-attestation-2018-09-01-preview-swagger.yaml,1.0,1.0,1.0,0.75,1.0,1.0,1.0
azure.com-authorization-2015-07-01-swagger.yaml,1.0,0.0,1.0,1.0,1.0,1.0,1.0
azure.com-authorization-authorization-ClassicAdminCalls-2015-07-01-swagger.yaml,1.0,0.0,1.0,1.0,1.0,1.0,1.0
azure.com-authorization-authorization-DenyAssignmentGetCalls-2018-07-01-preview-swagger.yaml,1.0,0.0,1.0,1.0,1.0,1.0,1.0
azure.com-authorization-authorization-ElevateAccessCalls-2015-07-01-swagger.yaml,1.0,0.0,1.0,1.0,1.0,1.0,1.0
azure.com-authorization-authorization-ProviderOperationsCalls-2018-01-01-preview-swagger.yaml,1.0,0.0,1.0,1.0,1.0,1.0,1.0
azure.com-authorization-authorization-RACalls-2017-10-01-preview-swagger.yaml,1.0,0.0,1.0,1.0,1.0,1.0,1.0
azure.com-authorization-authorization-RoleAssignmentsCalls-2015-07-01-swagger.yaml,1.0,0.0,1.0,1.0,1.0,1.0,1.0
azure.com-authorization-authorization-RoleAssignmentsCalls-2018-09-01-preview-swagger.yaml,1.0,0.0,1.0,1.0,1.0,1.0,1.0
azure.com-authorization-authorization-RoleBasedCalls-2018-01-01-preview-swagger.yaml,1.0,0.0,1.0,1.0,1.0,1.0,1.0
azure.com-authorization-authorization-RoleDefinitionsCalls-2015-07-01-swagger.yaml,1.0,0.0,1.0,1.0,1.0,1.0,1.0
azure.com-authorization-authorization-RoleDefinitionsCalls-2018-01-01-preview-swagger.yaml,1.0,0.0,1.0,1.0,1.0,1.0,1.0
azure.com-automation-account-2015-10-31-swagger.yaml,1.0,0.0,1.0,1.0,1.0,1.0,1.0
azure.com-automation-certificate-2015-10-31-swagger.yaml,1.0,0.0,1.0,1.0,1.0,1.0,1.0
azure.com-automation-connection-2015-10-31-swagger.yaml,1.0,0.0,1.0,1.0,1.0,1.0,1.0
azure.com-automation-connectionType-2015-10-31-swagger.yaml,1.0,0.0,1.0,1.0,1.0,1.0,1.0
azure.com-automation-credential-2015-10-31-swagger.yaml,1.0,0.0,1.0,1.0,1.0,1.0,1.0
azure.com-automation-definitions-2018-06-10-swagger.yaml,NaN,NaN,NaN,NaN,NaN,NaN,NaN
azure.com-automation-dscCompilationJob-2018-01-15-swagger.yaml,1.0,0.0,1.0,1.0,1.0,1.0,1.0
azure.com-automation-dscConfiguration-2015-10-31-swagger.yaml,1.0,0.0,1.0,1.0,1.0,1.0,1.0
azure.com-automation-dscNode-2018-01-15-swagger.yaml,1.0,0.0,1.0,1.0,1.0,1.0,1.0
azure.com-automation-dscNodeConfiguration-2018-01-15-swagger.yaml,1.0,0.0,1.0,1.0,1.0,1.0,1.0
azure.com-automation-dscNodeCounts-2018-01-15-swagger.yaml,1.0,0.0,1.0,1.0,1.0,1.0,1.0
azure.com-automation-hybridRunbookWorkerGroup-2015-10-31-swagger.yaml,1.0,0.0,1.0,1.0,1.0,1.0,1.0
azure.com-automation-job-2015-10-31-swagger.yaml,1.0,0.0,1.0,0.8888889,1.0,1.0,1.0
azure.com-automation-job-2017-05-15-preview-swagger.yaml,1.0,0.0,1.0,0.8888889,1.0,1.0,1.0
azure.com-automation-jobSchedule-2015-10-31-swagger.yaml,1.0,0.0,1.0,1.0,1.0,1.0,1.0
azure.com-automation-linkedWorkspace-2015-10-31-swagger.yaml,1.0,0.0,1.0,1.0,1.0,1.0,1.0
azure.com-automation-module-2015-10-31-swagger.yaml,1.0,0.0,1.0,1.0,1.0,1.0,1.0
azure.com-automation-python2package-2018-06-30-swagger.yaml,1.0,0.0,1.0,1.0,1.0,1.0,1.0
azure.com-automation-runbook-2018-06-30-swagger.yaml,1.0,0.0,1.0,1.0,1.0,1.0,1.0
azure.com-automation-schedule-2015-10-31-swagger.yaml,1.0,0.0,1.0,1.0,1.0,1.0,1.0
azure.com-automation-softwareUpdateConfiguration-2017-05-15-preview-swagger.yaml,1.0,0.0,1.0,0.0,1.0,1.0,1.0
azure.com-automation-softwareUpdateConfigurationMachineRun-2017-05-15-preview-swagger.yaml,1.0,0.0,1.0,0.0,1.0,1.0,1.0
azure.com-automation-softwareUpdateConfigurationRun-2017-05-15-preview-swagger.yaml,1.0,0.0,1.0,0.0,1.0,1.0,1.0
azure.com-automation-sourceControl-2017-05-15-preview-swagger.yaml,1.0,0.0,1.0,1.0,1.0,1.0,1.0
azure.com-automation-sourceControlSyncJob-2017-05-15-preview-swagger.yaml,1.0,0.0,1.0,1.0,1.0,1.0,1.0
azure.com-automation-sourceControlSyncJobStreams-2017-05-15-preview-swagger.yaml,1.0,0.0,1.0,1.0,1.0,1.0,1.0
azure.com-automation-variable-2015-10-31-swagger.yaml,1.0,0.0,1.0,1.0,1.0,1.0,1.0
azure.com-automation-watcher-2015-10-31-swagger.yaml,1.0,0.0,1.0,1.0,1.0,1.0,1.0
azure.com-automation-webhook-2015-10-31-swagger.yaml,1.0,0.0,1.0,1.0,1.0,1.0,1.0
azure.com-azsadmin-AcquiredPlan-2015-11-01-swagger.yaml,1.0,0.0,1.0,0.0,1.0,1.0,1.0
azure.com-azsadmin-acquisitions-2019-08-08-preview-swagger.yaml,1.0,0.0,1.0,1.0,1.0,1.0,1.0
azure.com-azsadmin-ActionPlan-2019-01-01-swagger.yaml,1.0,0.0,1.0,1.0,1.0,1.0,1.0
azure.com-azsadmin-ActionPlanOperation-2019-01-01-swagger.yaml,1.0,0.0,1.0,1.0,1.0,1.0,1.0
azure.com-azsadmin-Activation-2016-01-01-swagger.yaml,1.0,0.0,1.0,1.0,1.0,1.0,1.0
azure.com-azsadmin-Alert-2016-05-01-swagger.yaml,1.0,0.0,1.0,1.0,1.0,1.0,1.0
azure.com-azsadmin-ApplicationOperationResults-2016-05-01-swagger.yaml,1.0,0.0,1.0,1.0,1.0,1.0,1.0
azure.com-azsadmin-AzureBridge-2016-01-01-swagger.yaml,1.0,0.0,1.0,1.0,1.0,1.0,1.0
azure.com-azsadmin-Backup-2018-09-01-swagger.yaml,1.0,0.0,1.0,1.0,1.0,1.0,1.0
azure.com-azsadmin-BackupLocations-2018-09-01-swagger.yaml,1.0,0.0,1.0,0.6666667,1.0,1.0,1.0
azure.com-azsadmin-Backups-2018-09-01-swagger.yaml,1.0,0.0,1.0,1.0,1.0,1.0,1.0
azure.com-azsadmin-blobServices-2015-12-01-preview-swagger.yaml,1.0,0.0,1.0,1.0,1.0,1.0,1.0
azure.com-azsadmin-Commerce-2015-06-01-preview-swagger.yaml,1.0,0.0,1.0,0.6666667,1.0,1.0,1.0
azure.com-azsadmin-CommerceAdmin-2015-06-01-preview-swagger.yaml,1.0,0.0,1.0,1.0,1.0,1.0,1.0
azure.com-azsadmin-Compute-2015-12-01-preview-swagger.yaml,1.0,0.0,1.0,0.0,1.0,1.0,1.0
azure.com-azsadmin-ComputeOperationResults-2016-05-01-swagger.yaml,1.0,0.0,1.0,0.0,1.0,1.0,1.0
azure.com-azsadmin-containers-2015-12-01-preview-swagger.yaml,1.0,0.0,1.0,1.0,1.0,1.0,1.0
azure.com-azsadmin-DelegatedProvider-2015-11-01-swagger.yaml,1.0,0.0,1.0,0.0,1.0,1.0,1.0
azure.com-azsadmin-DelegatedProviderOffer-2015-11-01-swagger.yaml,1.0,0.0,1.0,0.0,1.0,1.0,1.0
azure.com-azsadmin-Deployment-2019-01-01-swagger.yaml,1.0,0.0,1.0,1.0,1.0,1.0,1.0
azure.com-azsadmin-DirectoryTenant-2015-11-01-swagger.yaml,1.0,0.0,1.0,1.0,1.0,1.0,1.0
azure.com-azsadmin-DiskMigrationJobs-2018-07-30-preview-swagger.yaml,1.0,0.0,1.0,0.0,1.0,1.0,1.0
azure.com-azsadmin-Disks-2018-07-30-preview-swagger.yaml,1.0,0.0,1.0,0.0,1.0,1.0,1.0
azure.com-azsadmin-DownloadedProduct-2016-01-01-swagger.yaml,1.0,0.0,1.0,1.0,1.0,1.0,1.0
azure.com-azsadmin-Drive-2019-05-01-swagger.yaml,1.0,0.0,1.0,1.0,1.0,1.0,1.0
azure.com-azsadmin-EdgeGateway-2016-05-01-swagger.yaml,1.0,0.0,1.0,1.0,1.0,1.0,1.0
azure.com-azsadmin-EdgeGatewayPool-2016-05-01-swagger.yaml,1.0,0.0,1.0,1.0,1.0,1.0,1.0
azure.com-azsadmin-Fabric-2016-05-01-swagger.yaml,1.0,0.0,1.0,1.0,1.0,1.0,1.0
azure.com-azsadmin-FabricLocation-2016-05-01-swagger.yaml,1.0,0.0,1.0,1.0,1.0,1.0,1.0
azure.com-azsadmin-farms-2015-12-01-preview-swagger.yaml,1.0,0.0,1.0,1.0,1.0,1.0,1.0
azure.com-azsadmin-FileContainer-2019-01-01-swagger.yaml,1.0,0.0,1.0,1.0,1.0,1.0,1.0
azure.com-azsadmin-FileShare-2016-05-01-swagger.yaml,1.0,0.0,1.0,1.0,1.0,1.0,1.0
azure.com-azsadmin-Gallery-2015-04-01-swagger.yaml,1.0,0.0,1.0,1.0,1.0,1.0,1.0
azure.com-azsadmin-GalleryItem-2015-04-01-swagger.yaml,1.0,0.0,1.0,1.0,1.0,1.0,1.0
azure.com-azsadmin-InfraRole-2016-05-01-swagger.yaml,1.0,0.0,1.0,1.0,1.0,1.0,1.0
azure.com-azsadmin-InfraRoleInstance-2016-05-01-swagger.yaml,1.0,0.0,1.0,1.0,1.0,1.0,1.0
azure.com-azsadmin-InfrastructureInsights-2016-05-01-swagger.yaml,1.0,0.0,1.0,1.0,1.0,1.0,1.0
azure.com-azsadmin-IpPool-2016-05-01-swagger.yaml,1.0,0.0,1.0,1.0,1.0,1.0,1.0
azure.com-azsadmin-KeyVault-2017-02-01-preview-swagger.yaml,1.0,0.0,1.0,1.0,1.0,1.0,1.0
azure.com-azsadmin-LoadBalancers-2015-06-15-swagger.yaml,1.0,0.0,1.0,1.0,1.0,1.0,1.0
azure.com-azsadmin-Location-2015-11-01-swagger.yaml,1.0,0.0,1.0,1.0,1.0,1.0,1.0
azure.com-azsadmin-LogicalNetwork-2016-05-01-swagger.yaml,1.0,0.0,1.0,1.0,1.0,1.0,1.0
azure.com-azsadmin-LogicalSubnet-2016-05-01-swagger.yaml,1.0,0.0,1.0,1.0,1.0,1.0,1.0
azure.com-azsadmin-MacAddressPool-2016-05-01-swagger.yaml,1.0,0.0,1.0,1.0,1.0,1.0,1.0
azure.com-azsadmin-Manifest-2015-11-01-swagger.yaml,1.0,0.0,1.0,1.0,1.0,1.0,1.0
azure.com-azsadmin-Network-2015-06-15-swagger.yaml,1.0,0.0,1.0,1.0,1.0,1.0,1.0
azure.com-azsadmin-NetworkOperationResults-2016-05-01-swagger.yaml,1.0,0.0,1.0,1.0,1.0,1.0,1.0
azure.com-azsadmin-Offer-2015-11-01-swagger.yaml,1.0,0.33333334,1.0,0.33333334,1.0,1.0,1.0
azure.com-azsadmin-OfferDelegation-2015-11-01-swagger.yaml,1.0,0.0,1.0,0.0,1.0,1.0,1.0
azure.com-azsadmin-Operations-2016-05-01-swagger.yaml,1.0,0.0,1.0,0.5,1.0,1.0,1.0
azure.com-azsadmin-Plan-2015-11-01-swagger.yaml,1.0,0.0,1.0,1.0,1.0,1.0,1.0
azure.com-azsadmin-PlatformImages-2015-12-01-preview-swagger.yaml,1.0,0.0,1.0,0.0,1.0,1.0,1.0
azure.com-azsadmin-Product-2016-01-01-swagger.yaml,1.0,0.0,1.0,1.0,1.0,1.0,1.0
azure.com-azsadmin-ProductDeployment-2019-01-01-swagger.yaml,1.0,0.0,1.0,0.875,1.0,1.0,1.0
azure.com-azsadmin-ProductPackage-2019-01-01-swagger.yaml,1.0,0.0,1.0,1.0,1.0,1.0,1.0
azure.com-azsadmin-ProductSecret-2019-01-01-swagger.yaml,1.0,0.0,1.0,1.0,1.0,1.0,1.0
azure.com-azsadmin-PublicIpAddresses-2015-06-15-swagger.yaml,1.0,0.0,1.0,1.0,1.0,1.0,1.0
azure.com-azsadmin-queueServices-2015-12-01-preview-swagger.yaml,1.0,0.0,1.0,1.0,1.0,1.0,1.0
azure.com-azsadmin-Quotas-2019-08-08-preview-swagger.yaml,1.0,0.0,1.0,1.0,1.0,1.0,1.0
azure.com-azsadmin-RegionHealth-2016-05-01-swagger.yaml,1.0,0.0,1.0,1.0,1.0,1.0,1.0
azure.com-azsadmin-ResourceHealth-2016-05-01-swagger.yaml,1.0,0.0,1.0,1.0,1.0,1.0,1.0
azure.com-azsadmin-ScaleUnit-2016-05-01-swagger.yaml,1.0,0.0,1.0,0.75,1.0,1.0,1.0
azure.com-azsadmin-ScaleUnitNode-2016-05-01-swagger.yaml,1.0,0.0,1.0,1.0,1.0,1.0,1.0
azure.com-azsadmin-ServiceHealth-2016-05-01-swagger.yaml,1.0,0.0,1.0,1.0,1.0,1.0,1.0
azure.com-azsadmin-shares-2015-12-01-preview-swagger.yaml,1.0,0.0,1.0,1.0,1.0,1.0,1.0
azure.com-azsadmin-SlbMuxInstance-2016-05-01-swagger.yaml,1.0,0.0,1.0,1.0,1.0,1.0,1.0
azure.com-azsadmin-storage-2019-08-08-preview-swagger.yaml,1.0,0.0,1.0,1.0,1.0,1.0,1.0
azure.com-azsadmin-storageaccounts-2019-08-08-preview-swagger.yaml,1.0,0.0,1.0,0.75,1.0,1.0,1.0
azure.com-azsadmin-StorageOperationResults-2016-05-01-swagger.yaml,1.0,0.0,1.0,1.0,1.0,1.0,1.0
azure.com-azsadmin-StoragePool-2016-05-01-swagger.yaml,1.0,0.0,1.0,1.0,1.0,1.0,1.0
azure.com-azsadmin-StorageSubSystem-2018-10-01-swagger.yaml,1.0,0.0,1.0,1.0,1.0,1.0,1.0
azure.com-azsadmin-StorageSystem-2016-05-01-swagger.yaml,1.0,0.0,1.0,1.0,1.0,1.0,1.0
azure.com-azsadmin-Subscriptions-2015-11-01-swagger.yaml,1.0,0.5,1.0,1.0,1.0,1.0,1.0
azure.com-azsadmin-tableServices-2015-12-01-preview-swagger.yaml,1.0,0.0,1.0,1.0,1.0,1.0,1.0
azure.com-azsadmin-Update-2016-05-01-swagger.yaml,1.0,0.0,1.0,0.0,1.0,1.0,1.0
azure.com-azsadmin-UpdateLocations-2016-05-01-swagger.yaml,1.0,0.0,1.0,0.0,1.0,1.0,0.5
azure.com-azsadmin-UpdateRuns-2016-05-01-swagger.yaml,1.0,0.0,1.0,0.0,1.0,1.0,1.0
azure.com-azsadmin-VirtualNetworks-2015-06-15-swagger.yaml,1.0,0.0,1.0,1.0,1.0,1.0,1.0
azure.com-azsadmin-VMExtensions-2015-12-01-preview-swagger.yaml,1.0,0.0,1.0,0.0,1.0,1.0,1.0
azure.com-azsadmin-Volume-2019-05-01-swagger.yaml,1.0,0.0,1.0,1.0,1.0,1.0,1.0
azure.com-azure-kusto-2017-09-07-privatepreview-swagger.yaml,1.0,0.0,1.0,0.9444444,1.0,1.0,1.0
azure.com-azure-kusto-2018-09-07-preview-swagger.yaml,1.0,0.0,1.0,0.9444444,1.0,1.0,1.0
azure.com-azure-kusto-2019-11-09-swagger.yaml,1.0,0.0,1.0,0.96666664,1.0,1.0,1.0
azure.com-azureactivedirectory-2017-04-01-swagger.yaml,1.0,0.25,1.0,1.0,1.0,1.0,1.0
azure.com-azuredata-2017-03-01-preview-swagger.yaml,1.0,0.0,1.0,1.0,1.0,1.0,1.0
azure.com-azurestack-AzureStack-2017-06-01-swagger.yaml,1.0,0.0,1.0,1.0,1.0,1.0,1.0
azure.com-azurestack-CustomerSubscription-2017-06-01-swagger.yaml,1.0,0.0,1.0,1.0,1.0,1.0,1.0
azure.com-azurestack-Product-2017-06-01-swagger.yaml,0.8333333,0.0,1.0,0.6666667,1.0,1.0,1.0
azure.com-azurestack-Registration-2017-06-01-swagger.yaml,1.0,0.0,1.0,0.6666667,1.0,1.0,1.0
azure.com-batch-BatchManagement-2019-08-01-swagger.yaml,1.0,0.0,1.0,0.95238096,1.0,1.0,1.0
azure.com-batch-BatchService-2019-08-01.10.0-swagger.yaml,1.0,0.18867925,1.0,0.9433962,1.0,1.0,1.0
azure.com-batchai-BatchAI-2018-05-01-swagger.yaml,1.0,0.0,1.0,0.9411765,1.0,1.0,1.0
azure.com-billing-2019-10-01-preview-swagger.yaml,1.0,0.0,1.0,0.94186044,1.0,1.0,1.0
azure.com-blockchain-2018-06-01-preview-swagger.yaml,1.0,0.0,1.0,1.0,0.73333335,1.0,1.0
azure.com-blueprint-assignmentOperation-2018-11-01-preview-swagger.yaml,1.0,0.0,1.0,1.0,1.0,1.0,1.0
azure.com-blueprint-blueprintAssignment-2018-11-01-preview-swagger.yaml,1.0,0.0,1.0,1.0,1.0,1.0,1.0
azure.com-blueprint-blueprintDefinition-2018-11-01-preview-swagger.yaml,1.0,0.0,1.0,1.0,1.0,1.0,1.0
azure.com-botservice-2018-07-12-swagger.yaml,1.0,0.0,1.0,1.0,1.0,1.0,1.0
azure.com-cdn-2019-12-31-swagger.yaml,1.0,0.0,1.0,0.96428573,1.0,1.0,1.0
azure.com-cdn-cdnwebapplicationfirewall-2019-06-15-preview-swagger.yaml,1.0,0.0,1.0,1.0,1.0,1.0,1.0
azure.com-cognitiveservices-2017-04-18-swagger.yaml,1.0,0.0,1.0,1.0,1.0,1.0,1.0
azure.com-cognitiveservices-AnomalyDetector-1.0-swagger.yaml,1.0,0.6666667,1.0,1.0,1.0,1.0,1.0
azure.com-cognitiveservices-AnomalyFinder-2.0-swagger.yaml,1.0,1.0,1.0,1.0,1.0,1.0,1.0
azure.com-cognitiveservices-BasicRegions-2017-08-30-swagger.yaml,NaN,NaN,NaN,NaN,NaN,NaN,NaN
azure.com-cognitiveservices-ComputerVision-1.0-swagger.yaml,1.0,0.6666667,1.0,0.7777778,1.0,1.0,1.0
azure.com-cognitiveservices-ContentModerator-1.0-swagger.yaml,1.0,0.083333336,1.0,1.0,1.0,0.0,0.9583333
azure.com-cognitiveservices-ExtendedRegions-2017-08-30-swagger.yaml,NaN,NaN,NaN,NaN,NaN,NaN,NaN
azure.com-cognitiveservices-Face-1.0-swagger.yaml,1.0,0.2857143,1.0,1.0,1.0,1.0,1.0
azure.com-cognitiveservices-FormRecognizer-2.0-preview-swagger.yaml,1.0,0.375,1.0,0.5,1.0,1.0,1.0
azure.com-cognitiveservices-FormRecognizerReceiptOcr-1.0-preview-swagger.yaml,NaN,NaN,NaN,NaN,NaN,NaN,NaN
azure.com-cognitiveservices-InkRecognizer-1.0-swagger.yaml,1.0,1.0,1.0,1.0,1.0,1.0,1.0
azure.com-cognitiveservices-LUIS-Authoring-2.0-swagger.yaml,1.0,0.101123594,1.0,0.96629214,1.0,1.0,0.9775281
azure.com-cognitiveservices-LUIS-Authoring-3.0-preview-swagger.yaml,1.0,0.101123594,1.0,0.96629214,1.0,1.0,0.9775281
azure.com-cognitiveservices-LUIS-Programmatic-v2.0-swagger.yaml,1.0,0.14285715,1.0,0.96428573,1.0,1.0,0.96428573
azure.com-cognitiveservices-LUIS-Runtime-2.0-swagger.yaml,1.0,0.0,1.0,1.0,1.0,1.0,1.0
azure.com-cognitiveservices-LUIS-Runtime-3.0-preview-swagger.yaml,1.0,0.0,1.0,1.0,1.0,1.0,1.0
azure.com-cognitiveservices-LUIS-Runtime-3.0-swagger.yaml,1.0,0.0,1.0,1.0,1.0,1.0,1.0
azure.com-cognitiveservices-Parameters-2017-08-30-swagger.yaml,NaN,NaN,NaN,NaN,NaN,NaN,NaN
azure.com-cognitiveservices-Personalizer-v1.0-swagger.yaml,1.0,0.72727275,1.0,0.8181818,1.0,1.0,1.0
azure.com-cognitiveservices-QnAMaker-4.0-swagger.yaml,1.0,0.44444445,1.0,0.8888889,1.0,1.0,1.0
azure.com-cognitiveservices-QnAMakerRuntime-4.0-swagger.yaml,1.0,0.0,1.0,1.0,1.0,1.0,1.0
azure.com-cognitiveservices-TextAnalytics-v2.1-swagger.yaml,1.0,0.75,1.0,1.0,1.0,1.0,1.0
azure.com-cognitiveservices-TextAnalytics-v3.0-preview.1-swagger.yaml,1.0,0.8333333,1.0,1.0,1.0,1.0,1.0
azure.com-commerce-2015-06-01-preview-swagger.yaml,1.0,0.0,1.0,1.0,1.0,1.0,1.0
azure.com-common-types-1.0-swagger.yaml,NaN,NaN,NaN,NaN,NaN,NaN,NaN
azure.com-common-types-rfc7517-1.0-swagger.yaml,NaN,NaN,NaN,NaN,NaN,NaN,NaN
azure.com-compute-2019-07-01-swagger.yaml,1.0,0.0,1.0,0.0,0.97619045,1.0,1.0
azure.com-compute-containerService-2015-11-01-preview-swagger.yaml,1.0,0.0,1.0,1.0,1.0,1.0,1.0
azure.com-compute-containerService-2017-01-31-swagger.yaml,1.0,0.0,1.0,1.0,1.0,1.0,1.0
azure.com-compute-disk-2016-04-30-preview-swagger.yaml,1.0,0.0,1.0,0.0,1.0,1.0,1.0
azure.com-compute-disk-2019-07-01-swagger.yaml,1.0,0.0,1.0,0.0,1.0,1.0,1.0
azure.com-compute-gallery-2019-07-01-swagger.yaml,1.0,0.0,1.0,0.0,1.0,1.0,1.0
azure.com-compute-runCommands-2019-07-01-swagger.yaml,1.0,0.0,1.0,0.0,1.0,1.0,1.0
azure.com-compute-skus-2019-04-01-swagger.yaml,1.0,0.0,1.0,0.0,1.0,1.0,1.0
azure.com-compute-swagger-2015-11-01-swagger.yaml,1.0,0.0,1.0,1.0,1.0,1.0,1.0
azure.com-consumption-2019-05-01-preview-swagger.yaml,1.0,0.0,1.0,0.9,1.0,1.0,1.0
azure.com-consumption-2019-10-01-swagger.yaml,1.0,0.0,1.0,0.92,1.0,1.0,1.0
azure.com-containerinstance-containerInstance-2018-02-01-preview-swagger.yaml,1.0,0.0,1.0,1.0,1.0,1.0,1.0
azure.com-containerinstance-containerInstance-2018-10-01-swagger.yaml,1.0,0.0,1.0,1.0,1.0,1.0,1.0
azure.com-containerregistry-2019-05-01-swagger.yaml,1.0,0.0,1.0,0.9375,1.0,1.0,1.0
azure.com-containerregistry-2019-12-01-preview-swagger.yaml,1.0,0.0,1.0,0.9375,1.0,1.0,1.0
azure.com-containerregistry-containerregistry_build-2019-04-01-swagger.yaml,1.0,0.0,1.0,1.0,1.0,1.0,1.0
azure.com-containerregistry-containerregistry_build-2019-06-01-preview-swagger.yaml,1.0,0.0,1.0,1.0,1.0,1.0,1.0
azure.com-containerregistry-containerregistry_scopemap-2019-05-01-preview-swagger.yaml,1.0,0.0,1.0,1.0,1.0,1.0,1.0
azure.com-containerservice-containerService-2017-07-01-swagger.yaml,1.0,0.0,1.0,1.0,1.0,1.0,1.0
azure.com-containerservice-location-2019-08-01-swagger.yaml,1.0,0.0,1.0,1.0,1.0,1.0,1.0
azure.com-containerservice-managedClusters-2018-08-01-preview-swagger.yaml,1.0,0.0,1.0,1.0,1.0,1.0,1.0
azure.com-containerservice-managedClusters-2020-01-01-swagger.yaml,1.0,0.0,1.0,1.0,1.0,1.0,1.0
azure.com-containerservice-openShiftManagedClusters-2019-04-30-swagger.yaml,1.0,0.0,1.0,1.0,1.0,1.0,1.0
azure.com-containerservice-openShiftManagedClusters-2019-09-30-preview-swagger.yaml,1.0,0.0,1.0,1.0,1.0,1.0,1.0
azure.com-containerservices-containerService-2017-07-01-swagger.yaml,1.0,0.0,1.0,1.0,1.0,1.0,1.0
azure.com-containerservices-location-2017-09-30-swagger.yaml,1.0,0.0,1.0,1.0,1.0,1.0,1.0
azure.com-containerservices-managedClusters-2018-08-01-preview-swagger.yaml,1.0,0.0,1.0,1.0,1.0,1.0,1.0
azure.com-containerservices-openShiftManagedClusters-2018-09-30-preview-swagger.yaml,1.0,0.0,1.0,1.0,1.0,1.0,1.0
azure.com-cosmos-db-2019-12-12-swagger.yaml,1.0,0.0,1.0,0.8125,1.0,1.0,1.0
azure.com-cosmos-db-privateEndpointConnection-2019-08-01-preview-swagger.yaml,1.0,0.0,1.0,1.0,1.0,1.0,1.0
azure.com-cosmos-db-privateLinkResources-2019-08-01-preview-swagger.yaml,1.0,0.0,1.0,1.0,1.0,1.0,1.0
azure.com-cost-management-costmanagement-2019-04-01-preview-swagger.yaml,1.0,0.0,1.0,0.71428573,1.0,1.0,1.0
azure.com-cost-management-costmanagement-2019-11-01-swagger.yaml,1.0,0.0,1.0,1.0,1.0,1.0,1.0
azure.com-customer-insights-2017-04-26-swagger.yaml,1.0,0.0,1.0,0.80487806,1.0,1.0,1.0
azure.com-customerlockbox-2018-02-28-preview-swagger.yaml,1.0,0.0,1.0,0.75,1.0,1.0,1.0
azure.com-customproviders-2018-09-01-preview-swagger.yaml,1.0,0.0,1.0,1.0,1.0,1.0,1.0
azure.com-databox-2019-09-01-swagger.yaml,1.0,0.0,1.0,0.84615386,1.0,1.0,1.0
azure.com-databoxedge-2019-08-01-swagger.yaml,1.0,0.0,1.0,0.84210527,1.0,1.0,1.0
azure.com-databricks-2018-04-01-swagger.yaml,1.0,0.0,1.0,1.0,1.0,1.0,1.0
azure.com-datacatalog-2016-03-30-swagger.yaml,1.0,0.0,1.0,1.0,1.0,1.0,1.0
azure.com-datafactory-2017-09-01-preview-swagger.yaml,1.0,0.0,1.0,0.8857143,1.0,1.0,1.0
azure.com-datafactory-2018-06-01-swagger.yaml,1.0,0.0,1.0,0.79310346,1.0,1.0,1.0
azure.com-datafactory-DataFlow-2018-06-01-swagger.yaml,NaN,NaN,NaN,NaN,NaN,NaN,NaN
azure.com-datafactory-Dataset-2017-09-01-preview-swagger.yaml,NaN,NaN,NaN,NaN,NaN,NaN,NaN
azure.com-datafactory-Dataset-2018-06-01-swagger.yaml,NaN,NaN,NaN,NaN,NaN,NaN,NaN
azure.com-datafactory-IntegrationRuntime-2017-09-01-preview-swagger.yaml,NaN,NaN,NaN,NaN,NaN,NaN,NaN
azure.com-datafactory-IntegrationRuntime-2018-06-01-swagger.yaml,NaN,NaN,NaN,NaN,NaN,NaN,NaN
azure.com-datafactory-LinkedService-2017-09-01-preview-swagger.yaml,NaN,NaN,NaN,NaN,NaN,NaN,NaN
azure.com-datafactory-LinkedService-2018-06-01-swagger.yaml,NaN,NaN,NaN,NaN,NaN,NaN,NaN
azure.com-datafactory-Pipeline-2017-09-01-preview-swagger.yaml,NaN,NaN,NaN,NaN,NaN,NaN,NaN
azure.com-datafactory-Pipeline-2018-06-01-swagger.yaml,NaN,NaN,NaN,NaN,NaN,NaN,NaN
azure.com-datafactory-Trigger-2017-09-01-preview-swagger.yaml,NaN,NaN,NaN,NaN,NaN,NaN,NaN
azure.com-datafactory-Trigger-2018-06-01-swagger.yaml,NaN,NaN,NaN,NaN,NaN,NaN,NaN
azure.com-datalake-analytics-account-2015-10-01-preview-swagger.yaml,1.0,0.0,1.0,1.0,1.0,1.0,0.8181818
azure.com-datalake-analytics-account-2016-11-01-swagger.yaml,1.0,0.0,1.0,0.88235295,1.0,1.0,1.0
azure.com-datalake-analytics-catalog-2015-10-01-preview-swagger.yaml,1.0,0.037037037,1.0,1.0,1.0,1.0,1.0
azure.com-datalake-analytics-catalog-2016-11-01-swagger.yaml,1.0,0.051282052,1.0,1.0,1.0,1.0,1.0
azure.com-datalake-analytics-job-2016-11-01-swagger.yaml,1.0,0.2,1.0,0.8,1.0,1.0,1.0
azure.com-datalake-analytics-job-2017-09-01-preview-swagger.yaml,1.0,0.27272728,1.0,0.8181818,1.0,1.0,1.0
azure.com-datalake-store-account-2015-10-01-preview-swagger.yaml,1.0,0.0,1.0,1.0,1.0,1.0,1.0
azure.com-datalake-store-account-2016-11-01-swagger.yaml,1.0,0.0,1.0,1.0,1.0,1.0,1.0
azure.com-datalake-store-filesystem-2015-10-01-preview-swagger.yaml,1.0,0.5,1.0,1.0,1.0,0.5,1.0
azure.com-datalake-store-filesystem-2016-11-01-swagger.yaml,1.0,0.5,1.0,1.0,1.0,0.5,1.0
azure.com-datamigration-2017-11-15-preview-swagger.yaml,1.0,0.0,1.0,1.0,1.0,1.0,1.0
azure.com-datamigration-2018-03-15-preview-swagger.yaml,1.0,0.0,1.0,1.0,1.0,1.0,1.0
azure.com-datamigration-Commands-2018-04-19-swagger.yaml,NaN,NaN,NaN,NaN,NaN,NaN,NaN
azure.com-datamigration-Commands-2018-07-15-preview-swagger.yaml,NaN,NaN,NaN,NaN,NaN,NaN,NaN
azure.com-datamigration-Common-2018-04-19-swagger.yaml,NaN,NaN,NaN,NaN,NaN,NaN,NaN
azure.com-datamigration-Common-2018-07-15-preview-swagger.yaml,NaN,NaN,NaN,NaN,NaN,NaN,NaN
azure.com-datamigration-ConnectToSourceMySqlTask-2018-04-19-swagger.yaml,NaN,NaN,NaN,NaN,NaN,NaN,NaN
azure.com-datamigration-ConnectToSourceMySqlTask-2018-07-15-preview-swagger.yaml,NaN,NaN,NaN,NaN,NaN,NaN,NaN
azure.com-datamigration-ConnectToSourcePostgreSqlSyncTask-2018-04-19-swagger.yaml,NaN,NaN,NaN,NaN,NaN,NaN,NaN
azure.com-datamigration-ConnectToSourcePostgreSqlSyncTask-2018-07-15-preview-swagger.yaml,NaN,NaN,NaN,NaN,NaN,NaN,NaN
azure.com-datamigration-ConnectToSourceSqlServerTask-2018-04-19-swagger.yaml,NaN,NaN,NaN,NaN,NaN,NaN,NaN
azure.com-datamigration-ConnectToSourceSqlServerTask-2018-07-15-preview-swagger.yaml,NaN,NaN,NaN,NaN,NaN,NaN,NaN
azure.com-datamigration-ConnectToTargetAzureDbForMySqlTask-2018-04-19-swagger.yaml,NaN,NaN,NaN,NaN,NaN,NaN,NaN
azure.com-datamigration-ConnectToTargetAzureDbForMySqlTask-2018-07-15-preview-swagger.yaml,NaN,NaN,NaN,NaN,NaN,NaN,NaN
azure.com-datamigration-ConnectToTargetAzureDbForPostgreSqlSyncTask-2018-04-19-swagger.yaml,NaN,NaN,NaN,NaN,NaN,NaN,NaN
azure.com-datamigration-ConnectToTargetAzureDbForPostgreSqlSyncTask-2018-07-15-preview-swagger.yaml,NaN,NaN,NaN,NaN,NaN,NaN,NaN
azure.com-datamigration-ConnectToTargetSqlDbTask-2018-04-19-swagger.yaml,NaN,NaN,NaN,NaN,NaN,NaN,NaN
azure.com-datamigration-ConnectToTargetSqlDbTask-2018-07-15-preview-swagger.yaml,NaN,NaN,NaN,NaN,NaN,NaN,NaN
azure.com-datamigration-ConnectToTargetSqlMiSyncTask-2018-04-19-swagger.yaml,NaN,NaN,NaN,NaN,NaN,NaN,NaN
azure.com-datamigration-ConnectToTargetSqlMiSyncTask-2018-07-15-preview-swagger.yaml,NaN,NaN,NaN,NaN,NaN,NaN,NaN
azure.com-datamigration-ConnectToTargetSqlMITask-2018-04-19-swagger.yaml,NaN,NaN,NaN,NaN,NaN,NaN,NaN
azure.com-datamigration-ConnectToTargetSqlMITask-2018-07-15-preview-swagger.yaml,NaN,NaN,NaN,NaN,NaN,NaN,NaN
azure.com-datamigration-ConnectToTargetSqlSqlDbSyncTask-2018-04-19-swagger.yaml,NaN,NaN,NaN,NaN,NaN,NaN,NaN
azure.com-datamigration-ConnectToTargetSqlSqlDbSyncTask-2018-07-15-preview-swagger.yaml,NaN,NaN,NaN,NaN,NaN,NaN,NaN
azure.com-datamigration-Files-2018-07-15-preview-swagger.yaml,NaN,NaN,NaN,NaN,NaN,NaN,NaN
azure.com-datamigration-GetUserTablesSqlSyncTask-2018-04-19-swagger.yaml,NaN,NaN,NaN,NaN,NaN,NaN,NaN
azure.com-datamigration-GetUserTablesSqlSyncTask-2018-07-15-preview-swagger.yaml,NaN,NaN,NaN,NaN,NaN,NaN,NaN
azure.com-datamigration-GetUserTablesSqlTask-2018-04-19-swagger.yaml,NaN,NaN,NaN,NaN,NaN,NaN,NaN
azure.com-datamigration-GetUserTablesSqlTask-2018-07-15-preview-swagger.yaml,NaN,NaN,NaN,NaN,NaN,NaN,NaN
azure.com-datamigration-MigrateMySqlAzureDbForMySqlSyncTask-2018-04-19-swagger.yaml,NaN,NaN,NaN,NaN,NaN,NaN,NaN
azure.com-datamigration-MigrateMySqlAzureDbForMySqlSyncTask-2018-07-15-preview-swagger.yaml,NaN,NaN,NaN,NaN,NaN,NaN,NaN
azure.com-datamigration-MigratePostgreSqlAzureDbForPostgreSqlSyncTask-2018-04-19-swagger.yaml,NaN,NaN,NaN,NaN,NaN,NaN,NaN
azure.com-datamigration-MigratePostgreSqlAzureDbForPostgreSqlSyncTask-2018-07-15-preview-swagger.yaml,NaN,NaN,NaN,NaN,NaN,NaN,NaN
azure.com-datamigration-MigrateSchemaSqlServerSqlDbTask-2018-07-15-preview-swagger.yaml,NaN,NaN,NaN,NaN,NaN,NaN,NaN
azure.com-datamigration-MigrateSqlServerSqlDbSyncTask-2018-04-19-swagger.yaml,NaN,NaN,NaN,NaN,NaN,NaN,NaN
azure.com-datamigration-MigrateSqlServerSqlDbSyncTask-2018-07-15-preview-swagger.yaml,NaN,NaN,NaN,NaN,NaN,NaN,NaN
azure.com-datamigration-MigrateSqlServerSqlDbTask-2018-04-19-swagger.yaml,NaN,NaN,NaN,NaN,NaN,NaN,NaN
azure.com-datamigration-MigrateSqlServerSqlDbTask-2018-07-15-preview-swagger.yaml,NaN,NaN,NaN,NaN,NaN,NaN,NaN
azure.com-datamigration-MigrateSqlServerSqlMiSyncTask-2018-04-19-swagger.yaml,NaN,NaN,NaN,NaN,NaN,NaN,NaN
azure.com-datamigration-MigrateSqlServerSqlMiSyncTask-2018-07-15-preview-swagger.yaml,NaN,NaN,NaN,NaN,NaN,NaN,NaN
azure.com-datamigration-MigrateSqlServerSqlMITask-2018-04-19-swagger.yaml,NaN,NaN,NaN,NaN,NaN,NaN,NaN
azure.com-datamigration-MigrateSqlServerSqlMITask-2018-07-15-preview-swagger.yaml,NaN,NaN,NaN,NaN,NaN,NaN,NaN
azure.com-datamigration-MigrateSsisTask-2018-07-15-preview-swagger.yaml,NaN,NaN,NaN,NaN,NaN,NaN,NaN
azure.com-datamigration-MigrationValidation-2018-04-19-swagger.yaml,NaN,NaN,NaN,NaN,NaN,NaN,NaN
azure.com-datamigration-MigrationValidation-2018-07-15-preview-swagger.yaml,NaN,NaN,NaN,NaN,NaN,NaN,NaN
azure.com-datamigration-MongoDbTasks-2018-07-15-preview-swagger.yaml,NaN,NaN,NaN,NaN,NaN,NaN,NaN
azure.com-datamigration-OracleAzureDbPostgreSqlSyncTask-2018-07-15-preview-swagger.yaml,NaN,NaN,NaN,NaN,NaN,NaN,NaN
azure.com-datamigration-Projects-2018-04-19-swagger.yaml,NaN,NaN,NaN,NaN,NaN,NaN,NaN
azure.com-datamigration-Projects-2018-07-15-preview-swagger.yaml,NaN,NaN,NaN,NaN,NaN,NaN,NaN
azure.com-datamigration-ResourceSkus-2018-04-19-swagger.yaml,NaN,NaN,NaN,NaN,NaN,NaN,NaN
azure.com-datamigration-ResourceSkus-2018-07-15-preview-swagger.yaml,NaN,NaN,NaN,NaN,NaN,NaN,NaN
azure.com-datamigration-ServiceFeatureOCITask-2018-07-15-preview-swagger.yaml,NaN,NaN,NaN,NaN,NaN,NaN,NaN
azure.com-datamigration-Services-2018-04-19-swagger.yaml,NaN,NaN,NaN,NaN,NaN,NaN,NaN
azure.com-datamigration-Services-2018-07-15-preview-swagger.yaml,NaN,NaN,NaN,NaN,NaN,NaN,NaN
azure.com-datamigration-ServiceTasks-2018-07-15-preview-swagger.yaml,NaN,NaN,NaN,NaN,NaN,NaN,NaN
azure.com-datamigration-Tasks-2018-04-19-swagger.yaml,NaN,NaN,NaN,NaN,NaN,NaN,NaN
azure.com-datamigration-Tasks-2018-07-15-preview-swagger.yaml,NaN,NaN,NaN,NaN,NaN,NaN,NaN
azure.com-datamigration-TasksCommon-2018-04-19-swagger.yaml,NaN,NaN,NaN,NaN,NaN,NaN,NaN
azure.com-datamigration-TasksCommon-2018-07-15-preview-swagger.yaml,NaN,NaN,NaN,NaN,NaN,NaN,NaN
azure.com-datamigration-ValidateMigrationInputSqlServerSqlMiSyncTask-2018-04-19-swagger.yaml,NaN,NaN,NaN,NaN,NaN,NaN,NaN
azure.com-datamigration-ValidateMigrationInputSqlServerSqlMiSyncTask-2018-07-15-preview-swagger.yaml,NaN,NaN,NaN,NaN,NaN,NaN,NaN
azure.com-datamigration-ValidateMigrationInputSqlServerSqlMITask-2018-04-19-swagger.yaml,NaN,NaN,NaN,NaN,NaN,NaN,NaN
azure.com-datamigration-ValidateMigrationInputSqlServerSqlMITask-2018-07-15-preview-swagger.yaml,NaN,NaN,NaN,NaN,NaN,NaN,NaN
azure.com-datamigration-ValidateSyncMigrationInputSqlServerTask-2018-04-19-swagger.yaml,NaN,NaN,NaN,NaN,NaN,NaN,NaN
azure.com-datamigration-ValidateSyncMigrationInputSqlServerTask-2018-07-15-preview-swagger.yaml,NaN,NaN,NaN,NaN,NaN,NaN,NaN
azure.com-datashare-DataShare-2018-11-01-preview-swagger.yaml,1.0,0.0,1.0,1.0,1.0,1.0,1.0
azure.com-datashare-DataShare-2019-11-01-swagger.yaml,1.0,0.0,1.0,1.0,1.0,1.0,1.0
azure.com-deploymentmanager-2018-09-01-preview-swagger.yaml,1.0,0.0,1.0,1.0,1.0,1.0,1.0
azure.com-deploymentmanager-2019-11-01-preview-swagger.yaml,1.0,0.0,1.0,1.0,1.0,1.0,1.0
azure.com-deviceprovisioningservices-iotdps-2017-08-21-preview-swagger.yaml,1.0,0.0,1.0,1.0,1.0,1.0,1.0
azure.com-deviceprovisioningservices-iotdps-2018-01-22-swagger.yaml,1.0,0.0,1.0,1.0,1.0,1.0,1.0
azure.com-devops-2019-07-01-preview-swagger.yaml,1.0,0.0,1.0,1.0,1.0,1.0,1.0
azure.com-devspaces-2019-01-01-preview-swagger.yaml,1.0,0.0,1.0,1.0,1.0,1.0,1.0
azure.com-devspaces-2019-04-01-swagger.yaml,1.0,0.0,1.0,1.0,1.0,1.0,1.0
azure.com-devtestlabs-DTL-2015-05-21-preview-swagger.yaml,1.0,0.0,1.0,0.9714286,1.0,1.0,1.0
azure.com-devtestlabs-DTL-2018-09-15-swagger.yaml,1.0,0.0,1.0,0.96153843,1.0,1.0,1.0
azure.com-digitaltwins-2020-03-01-preview-swagger.yaml,1.0,0.0,1.0,1.0,1.0,1.0,1.0
azure.com-dns-2018-03-01-preview-swagger.yaml,1.0,0.0,1.0,1.0,1.0,1.0,1.0
azure.com-dns-2018-05-01-swagger.yaml,1.0,0.0,1.0,0.875,1.0,1.0,1.0
azure.com-domainservices-2020-01-01-swagger.yaml,1.0,0.0,1.0,1.0,1.0,1.0,1.0
azure.com-dynamicstelemetry-2019-01-24-swagger.yaml,1.0,0.0,1.0,1.0,1.0,1.0,1.0
azure.com-edgegateway-2019-03-01-swagger.yaml,1.0,0.0,1.0,0.8064516,1.0,1.0,1.0
azure.com-engagementfabric-EngagementFabric-2018-09-01-preview-swagger.yaml,1.0,0.0,1.0,1.0,1.0,1.0,1.0
azure.com-EnterpriseKnowledgeGraph-EnterpriseKnowledgeGraphSwagger-2018-12-03-swagger.yaml,1.0,0.0,1.0,1.0,1.0,1.0,1.0
azure.com-eventgrid-AppConfiguration-2018-01-01-swagger.yaml,NaN,NaN,NaN,NaN,NaN,NaN,NaN
azure.com-eventgrid-ContainerRegistry-2018-01-01-swagger.yaml,NaN,NaN,NaN,NaN,NaN,NaN,NaN
azure.com-eventgrid-EventGrid-2019-06-01-swagger.yaml,1.0,0.0,1.0,0.9655172,1.0,1.0,1.0
azure.com-eventgrid-EventGrid-2020-04-01-preview-swagger.yaml,1.0,0.0,1.0,0.9655172,1.0,1.0,1.0
azure.com-eventgrid-EventHub-2018-01-01-swagger.yaml,NaN,NaN,NaN,NaN,NaN,NaN,NaN
azure.com-eventgrid-IotHub-2018-01-01-swagger.yaml,NaN,NaN,NaN,NaN,NaN,NaN,NaN
azure.com-eventgrid-KeyVault-2018-01-01-swagger.yaml,NaN,NaN,NaN,NaN,NaN,NaN,NaN
azure.com-eventgrid-MachineLearningServices-2018-01-01-swagger.yaml,NaN,NaN,NaN,NaN,NaN,NaN,NaN
azure.com-eventgrid-Maps-2018-01-01-swagger.yaml,NaN,NaN,NaN,NaN,NaN,NaN,NaN
azure.com-eventgrid-MediaServices-2018-01-01-swagger.yaml,NaN,NaN,NaN,NaN,NaN,NaN,NaN
azure.com-eventgrid-Resources-2018-01-01-swagger.yaml,NaN,NaN,NaN,NaN,NaN,NaN,NaN
azure.com-eventgrid-ServiceBus-2018-01-01-swagger.yaml,NaN,NaN,NaN,NaN,NaN,NaN,NaN
azure.com-eventgrid-SignalRService-2018-01-01-swagger.yaml,NaN,NaN,NaN,NaN,NaN,NaN,NaN
azure.com-eventgrid-Storage-2018-01-01-swagger.yaml,NaN,NaN,NaN,NaN,NaN,NaN,NaN
azure.com-eventhub-EventHub-2017-04-01-swagger.yaml,1.0,0.0,1.0,1.0,1.0,1.0,1.0
azure.com-eventhub-EventHub-preview-2018-01-01-preview-swagger.yaml,1.0,0.0,1.0,1.0,1.0,1.0,1.0
azure.com-frontdoor-2020-01-01-swagger.yaml,1.0,0.0,1.0,1.0,1.0,1.0,1.0
azure.com-frontdoor-network-2020-01-01-swagger.yaml,NaN,NaN,NaN,NaN,NaN,NaN,NaN
azure.com-frontdoor-networkexperiment-2019-11-01-swagger.yaml,1.0,0.0,1.0,1.0,1.0,1.0,1.0
azure.com-frontdoor-webapplicationfirewall-2019-10-01-swagger.yaml,1.0,0.0,1.0,1.0,1.0,1.0,1.0
azure.com-guestconfiguration-2018-06-30-preview-swagger.yaml,1.0,0.0,1.0,0.2,1.0,1.0,1.0
azure.com-guestconfiguration-2018-11-20-swagger.yaml,1.0,0.0,1.0,0.2,1.0,1.0,1.0
azure.com-guestconfiguration-definitions-2018-06-30-preview-swagger.yaml,NaN,NaN,NaN,NaN,NaN,NaN,NaN
azure.com-guestconfiguration-guestconfiguration_NotImplemented-2018-06-30-preview-swagger.yaml,1.0,0.0,1.0,0.0,1.0,1.0,1.0
azure.com-hanaonazure-2017-11-03-preview-swagger.yaml,1.0,0.0,1.0,1.0,1.0,1.0,1.0
azure.com-hardwaresecuritymodules-dedicatedhsm-2018-10-31-preview-swagger.yaml,1.0,0.0,1.0,1.0,1.0,1.0,1.0
azure.com-hdinsight-applications-2015-03-01-preview-swagger.yaml,1.0,0.0,1.0,1.0,1.0,1.0,1.0
azure.com-hdinsight-applications-2018-06-01-preview-swagger.yaml,1.0,0.0,1.0,1.0,1.0,1.0,1.0
azure.com-hdinsight-capabilities-2015-03-01-preview-swagger.yaml,1.0,0.0,1.0,1.0,1.0,1.0,1.0
azure.com-hdinsight-cluster-2018-06-01-preview-swagger.yaml,1.0,0.0,1.0,0.71428573,1.0,1.0,1.0
azure.com-hdinsight-configurations-2018-06-01-preview-swagger.yaml,1.0,0.0,1.0,1.0,1.0,1.0,1.0
azure.com-hdinsight-extensions-2018-06-01-preview-swagger.yaml,1.0,0.0,1.0,1.0,1.0,1.0,1.0
azure.com-hdinsight-job-2018-11-01-preview-swagger.yaml,1.0,0.6666667,1.0,1.0,1.0,0.0,1.0
azure.com-hdinsight-locations-2018-06-01-preview-swagger.yaml,1.0,0.0,1.0,1.0,1.0,1.0,1.0
azure.com-hdinsight-operations-2018-06-01-preview-swagger.yaml,1.0,0.0,1.0,1.0,1.0,1.0,1.0
azure.com-hdinsight-scriptActions-2018-06-01-preview-swagger.yaml,1.0,0.0,1.0,1.0,1.0,1.0,1.0
azure.com-healthcareapis-healthcare-apis-2018-08-20-preview-swagger.yaml,1.0,0.0,1.0,1.0,0.0,1.0,1.0
azure.com-healthcareapis-healthcare-apis-2019-09-16-swagger.yaml,1.0,0.0,1.0,1.0,0.0,1.0,1.0
azure.com-hybridcompute-HybridCompute-2019-08-02-preview-swagger.yaml,1.0,0.0,1.0,0.0,1.0,1.0,1.0
azure.com-hybridcompute-HybridCompute-2019-12-12-swagger.yaml,1.0,0.0,1.0,0.0,1.0,1.0,1.0
azure.com-hybriddatamanager-hybriddata-2016-06-01-swagger.yaml,1.0,0.0,1.0,1.0,1.0,1.0,1.0
azure.com-imagebuilder-2019-05-01-preview-swagger.yaml,1.0,0.0,1.0,0.14285715,1.0,1.0,1.0
azure.com-imds-2019-11-01-swagger.yaml,1.0,1.0,1.0,1.0,1.0,1.0,1.0
azure.com-intune-2015-01-14-preview-swagger.yaml,1.0,0.0,1.0,1.0,1.0,1.0,1.0
azure.com-intune-2015-01-14-privatepreview-swagger.yaml,1.0,0.0,1.0,1.0,1.0,1.0,1.0
azure.com-iotcentral-2017-07-01-privatepreview-swagger.yaml,1.0,0.0,1.0,1.0,1.0,1.0,1.0
azure.com-iotcentral-2018-09-01-swagger.yaml,1.0,0.0,1.0,1.0,1.0,1.0,1.0
azure.com-iotcentral-preview-swagger.yaml,0.2777778,0.5,1.0,1.0,0.8888889,1.0,1.0
azure.com-iothub-2019-07-01-preview-swagger.yaml,1.0,0.0,1.0,0.96,1.0,1.0,1.0
azure.com-iothub-2019-11-04-swagger.yaml,1.0,0.0,1.0,0.96,1.0,1.0,1.0
azure.com-iotspaces-2017-10-01-preview-swagger.yaml,1.0,0.0,1.0,1.0,1.0,1.0,1.0
azure.com-keyvault-2018-02-14-preview-swagger.yaml,1.0,0.0,1.0,0.6666667,1.0,1.0,1.0
azure.com-keyvault-2019-09-01-swagger.yaml,1.0,0.0,1.0,0.72727275,1.0,1.0,1.0
azure.com-keyvault-7.0-preview-swagger.yaml,1.0,1.0,1.0,0.6909091,1.0,1.0,1.0
azure.com-keyvault-7.0-swagger.yaml,1.0,1.0,1.0,0.6909091,1.0,1.0,1.0
azure.com-keyvault-providers-2018-02-14-preview-swagger.yaml,1.0,0.0,1.0,1.0,1.0,1.0,1.0
azure.com-keyvault-providers-2019-09-01-swagger.yaml,1.0,0.0,1.0,1.0,1.0,1.0,1.0
azure.com-keyvault-secrets-2018-02-14-preview-swagger.yaml,1.0,0.0,1.0,1.0,1.0,1.0,1.0
azure.com-keyvault-secrets-2019-09-01-swagger.yaml,1.0,0.0,1.0,1.0,1.0,1.0,1.0
azure.com-labservices-ML-2018-10-15-swagger.yaml,1.0,0.0,1.0,0.8378378,1.0,1.0,1.0
azure.com-locationbasedservices-2017-01-01-preview-swagger.yaml,1.0,0.0,1.0,1.0,1.0,1.0,1.0
azure.com-logic-2018-07-01-preview-swagger.yaml,1.0,0.0,1.0,1.0,1.0,1.0,1.0
azure.com-logic-2019-05-01-swagger.yaml,1.0,0.0,1.0,1.0,0.96202534,1.0,1.0
azure.com-machinelearning-commitmentPlans-2016-05-01-preview-swagger.yaml,1.0,0.0,1.0,1.0,1.0,1.0,1.0
azure.com-machinelearning-webservices-2016-05-01-preview-swagger.yaml,1.0,0.0,1.0,1.0,1.0,1.0,1.0
azure.com-machinelearning-webservices-2017-01-01-swagger.yaml,1.0,0.0,1.0,0.8333333,1.0,1.0,1.0
azure.com-machinelearning-workspaces-2019-10-01-swagger.yaml,1.0,0.0,1.0,1.0,1.0,1.0,1.0
azure.com-machinelearningcompute-machineLearningCompute-2017-08-01-preview-swagger.yaml,1.0,0.0,1.0,0.0,1.0,1.0,1.0
azure.com-machinelearningexperimentation-machineLearningExperimentation-2017-05-01-preview-swagger.yaml,1.0,0.0,1.0,1.0,1.0,1.0,1.0
azure.com-machinelearningservices-artifact-2019-09-30-swagger.yaml,1.0,0.0,1.0,0.9375,1.0,0.0,1.0
azure.com-machinelearningservices-datastore-2019-09-30-swagger.yaml,1.0,0.0,1.0,1.0,1.0,0.0,1.0
azure.com-machinelearningservices-execution-2019-09-30-swagger.yaml,1.0,0.0,1.0,1.0,1.0,0.0,1.0
azure.com-machinelearningservices-hyperdrive-2019-09-30-swagger.yaml,1.0,0.0,1.0,1.0,1.0,0.0,1.0
azure.com-machinelearningservices-machineLearningServices-2018-03-01-preview-swagger.yaml,1.0,0.0,1.0,0.6666667,1.0,1.0,1.0
azure.com-machinelearningservices-machineLearningServices-2020-01-01-swagger.yaml,1.0,0.0,1.0,0.7222222,1.0,1.0,1.0
azure.com-machinelearningservices-modelManagement-2019-09-30-swagger.yaml,1.0,0.0,1.0,0.0,1.0,0.0,1.0
azure.com-machinelearningservices-runHistory-2019-09-30-swagger.yaml,1.0,0.0,1.0,1.0,1.0,0.0,1.0
azure.com-maintenance-Maintenance-2018-06-01-preview-swagger.yaml,1.0,0.0,1.0,0.53846157,1.0,1.0,1.0
azure.com-managednetwork-managedNetwork-2019-06-01-preview-swagger.yaml,1.0,0.0,1.0,1.0,1.0,1.0,1.0
azure.com-managedservices-2019-04-01-preview-swagger.yaml,1.0,0.0,1.0,1.0,1.0,1.0,1.0
azure.com-managedservices-2019-09-01-swagger.yaml,1.0,0.0,1.0,1.0,1.0,1.0,1.0
azure.com-managementgroups-management-2018-03-01-preview-swagger.yaml,1.0,0.0,1.0,0.8888889,1.0,1.0,1.0
azure.com-managementgroups-management-2019-11-01-swagger.yaml,1.0,0.0,1.0,0.8888889,1.0,1.0,1.0
azure.com-managementpartner-ManagementPartner-2018-02-01-swagger.yaml,1.0,0.0,1.0,1.0,1.0,1.0,1.0
azure.com-maps-maps-management-2018-05-01-swagger.yaml,1.0,0.0,1.0,1.0,1.0,1.0,1.0
azure.com-maps-maps-management-2020-02-01-preview-swagger.yaml,1.0,0.0,1.0,1.0,1.0,1.0,1.0
azure.com-mariadb-2018-06-01-preview-swagger.yaml,1.0,0.0,1.0,1.0,1.0,1.0,1.0
azure.com-mariadb-2018-06-01-swagger.yaml,1.0,0.0,1.0,0.9677419,1.0,1.0,1.0
azure.com-mariadb-DataEncryptionKeys-2020-01-01-privatepreview-swagger.yaml,1.0,0.0,1.0,1.0,1.0,1.0,1.0
azure.com-mariadb-PerformanceRecommendations-2018-06-01-swagger.yaml,1.0,0.0,1.0,0.85714287,1.0,1.0,1.0
azure.com-mariadb-PrivateEndpointConnections-2018-06-01-privatepreview-swagger.yaml,1.0,0.0,1.0,1.0,1.0,1.0,1.0
azure.com-mariadb-PrivateEndpointConnections-2018-06-01-swagger.yaml,1.0,0.0,1.0,1.0,1.0,1.0,1.0
azure.com-mariadb-PrivateLinkResources-2018-06-01-privatepreview-swagger.yaml,1.0,0.0,1.0,1.0,1.0,1.0,1.0
azure.com-mariadb-PrivateLinkResources-2018-06-01-swagger.yaml,1.0,0.0,1.0,1.0,1.0,1.0,1.0
azure.com-mariadb-QueryPerformanceInsights-2018-06-01-swagger.yaml,1.0,0.0,1.0,1.0,1.0,1.0,1.0
azure.com-marketplace-Marketplace-2020-01-01-swagger.yaml,1.0,0.0,1.0,1.0,1.0,1.0,1.0
azure.com-marketplaceordering-Agreements-2015-06-01-swagger.yaml,1.0,0.0,1.0,1.0,1.0,1.0,1.0
azure.com-mediaservices-AccountFilters-2018-07-01-swagger.yaml,1.0,0.0,1.0,1.0,1.0,1.0,1.0
azure.com-mediaservices-Accounts-2018-06-01-preview-swagger.yaml,1.0,0.0,1.0,1.0,1.0,1.0,1.0
azure.com-mediaservices-Accounts-2018-07-01-swagger.yaml,1.0,0.0,1.0,1.0,1.0,1.0,1.0
azure.com-mediaservices-Assets-2018-06-01-preview-swagger.yaml,1.0,0.0,1.0,0.75,1.0,1.0,1.0
azure.com-mediaservices-AssetsAndAssetFilters-2018-07-01-swagger.yaml,1.0,0.0,1.0,0.85714287,1.0,1.0,1.0
azure.com-mediaservices-Common-2018-06-01-preview-swagger.yaml,NaN,NaN,NaN,NaN,NaN,NaN,NaN
azure.com-mediaservices-Common-2018-07-01-swagger.yaml,NaN,NaN,NaN,NaN,NaN,NaN,NaN
azure.com-mediaservices-ContentKeyPolicies-2018-06-01-preview-swagger.yaml,1.0,0.0,1.0,0.6666667,1.0,1.0,1.0
azure.com-mediaservices-ContentKeyPolicies-2018-07-01-swagger.yaml,1.0,0.0,1.0,0.6666667,1.0,1.0,1.0
azure.com-mediaservices-Encoding-2018-06-01-preview-swagger.yaml,1.0,0.0,1.0,1.0,1.0,1.0,1.0
azure.com-mediaservices-Encoding-2018-07-01-swagger.yaml,1.0,0.0,1.0,1.0,1.0,1.0,1.0
azure.com-mediaservices-media-2015-10-01-swagger.yaml,1.0,0.0,1.0,1.0,1.0,1.0,1.0
azure.com-mediaservices-MediaGraphs-2019-09-01-preview-swagger.yaml,1.0,0.0,1.0,1.0,1.0,1.0,1.0
azure.com-mediaservices-StreamingPoliciesAndStreamingLocators-2018-06-01-preview-swagger.yaml,1.0,0.0,1.0,1.0,1.0,1.0,1.0
azure.com-mediaservices-StreamingPoliciesAndStreamingLocators-2018-07-01-swagger.yaml,1.0,0.0,1.0,1.0,1.0,1.0,1.0
azure.com-mediaservices-streamingservice-2018-07-01-swagger.yaml,1.0,0.0,1.0,0.8333333,1.0,1.0,1.0
azure.com-mediaservices-streamingservice-2019-05-01-preview-swagger.yaml,1.0,0.0,1.0,0.8333333,1.0,1.0,1.0
azure.com-migrate-2017-11-11-preview-swagger.yaml,1.0,0.0,1.0,1.0,1.0,1.0,1.0
azure.com-migrate-2019-10-01-swagger.yaml,1.0,0.0,1.0,0.95238096,1.0,1.0,1.0
azure.com-migrateprojects-migrate-2018-09-01-preview-swagger.yaml,1.0,0.0,1.0,0.9375,1.0,1.0,1.0
azure.com-mixedreality-2019-02-28-preview-swagger.yaml,1.0,0.0,1.0,1.0,1.0,1.0,1.0
azure.com-mixedreality-common-2019-12-02-preview-swagger.yaml,NaN,NaN,NaN,NaN,NaN,NaN,NaN
azure.com-mixedreality-proxy-2019-12-02-preview-swagger.yaml,1.0,0.0,1.0,1.0,1.0,1.0,1.0
azure.com-mixedreality-remote-rendering-2019-12-02-preview-swagger.yaml,1.0,0.0,1.0,1.0,1.0,1.0,1.0
azure.com-mixedreality-spatial-anchors-2019-12-02-preview-swagger.yaml,1.0,0.0,1.0,1.0,1.0,1.0,1.0
azure.com-mobileengagement-mobile-engagement-2014-12-01-swagger.yaml,1.0,0.0,1.0,0.969697,1.0,1.0,1.0
azure.com-monitor-actionGroups_API-2019-06-01-swagger.yaml,1.0,0.0,1.0,1.0,1.0,1.0,1.0
azure.com-monitor-activityLogAlerts_API-2017-03-01-preview-swagger.yaml,1.0,0.0,1.0,1.0,1.0,1.0,1.0
azure.com-monitor-activityLogAlerts_API-2017-04-01-swagger.yaml,1.0,0.0,1.0,1.0,1.0,1.0,1.0
azure.com-monitor-activityLogs_API-2015-04-01-swagger.yaml,1.0,0.0,1.0,1.0,1.0,1.0,1.0
azure.com-monitor-alertRulesIncidents_API-2016-03-01-swagger.yaml,1.0,0.0,1.0,1.0,1.0,1.0,1.0
azure.com-monitor-alertRules_API-2016-03-01-swagger.yaml,1.0,0.0,1.0,1.0,1.0,1.0,1.0
azure.com-monitor-autoscale_API-2015-04-01-swagger.yaml,1.0,0.0,1.0,1.0,1.0,1.0,1.0
azure.com-monitor-baseline_API-2017-11-01-preview-swagger.yaml,1.0,0.0,1.0,1.0,1.0,1.0,1.0
azure.com-monitor-baseline_API-2018-09-01-swagger.yaml,1.0,0.0,1.0,1.0,1.0,1.0,1.0
azure.com-monitor-calculateBaseline_API-2017-11-01-preview-swagger.yaml,1.0,0.0,1.0,1.0,1.0,1.0,1.0
azure.com-monitor-calculateBaseline_API-2018-09-01-swagger.yaml,1.0,0.0,1.0,1.0,1.0,1.0,1.0
azure.com-monitor-diagnosticsSettingsCategories_API-2017-05-01-preview-swagger.yaml,1.0,0.0,1.0,1.0,1.0,1.0,1.0
azure.com-monitor-diagnosticsSettings_API-2017-05-01-preview-swagger.yaml,1.0,0.0,1.0,1.0,1.0,1.0,1.0
azure.com-monitor-eventCategories_API-2015-04-01-swagger.yaml,1.0,1.0,1.0,1.0,1.0,1.0,1.0
azure.com-monitor-guestDiagnosticSettingsAssociation_API-2018-06-01-preview-swagger.yaml,1.0,0.0,1.0,1.0,1.0,1.0,1.0
azure.com-monitor-guestDiagnosticSettings_API-2018-06-01-preview-swagger.yaml,1.0,0.0,1.0,1.0,1.0,1.0,1.0
azure.com-monitor-logProfiles_API-2016-03-01-swagger.yaml,1.0,0.0,1.0,1.0,1.0,1.0,1.0
azure.com-monitor-metricAlert_API-2018-03-01-swagger.yaml,1.0,0.0,1.0,1.0,1.0,1.0,1.0
azure.com-monitor-metricBaselines_API-2019-03-01-swagger.yaml,1.0,0.0,1.0,1.0,1.0,1.0,1.0
azure.com-monitor-metricDefinitions_API-2017-05-01-preview-swagger.yaml,1.0,0.0,1.0,1.0,1.0,1.0,1.0
azure.com-monitor-metricDefinitions_API-2018-01-01-swagger.yaml,1.0,0.0,1.0,1.0,1.0,1.0,1.0
azure.com-monitor-metricNamespaces_API-2017-12-01-preview-swagger.yaml,1.0,0.0,1.0,1.0,1.0,1.0,1.0
azure.com-monitor-metricsCreate_API-2018-09-01-preview-swagger.yaml,1.0,0.0,1.0,1.0,1.0,1.0,1.0
azure.com-monitor-metrics_API-2017-05-01-preview-swagger.yaml,1.0,0.0,1.0,1.0,1.0,1.0,1.0
azure.com-monitor-metrics_API-2018-01-01-swagger.yaml,1.0,0.0,1.0,1.0,1.0,1.0,1.0
azure.com-monitor-operations_API-2015-04-01-swagger.yaml,1.0,1.0,1.0,1.0,1.0,1.0,1.0
azure.com-monitor-privateLinkScopes_API-2019-10-17-preview-swagger.yaml,1.0,0.0,1.0,1.0,1.0,1.0,1.0
azure.com-monitor-scheduledQueryRule_API-2018-04-16-swagger.yaml,1.0,0.0,1.0,1.0,1.0,1.0,1.0
azure.com-monitor-serviceDiagnosticsSettings_API-2016-09-01-swagger.yaml,1.0,0.0,1.0,1.0,1.0,1.0,1.0
azure.com-monitor-subscriptionDiagnosticsSettings_API-2017-05-01-preview-swagger.yaml,1.0,0.0,1.0,1.0,1.0,1.0,1.0
azure.com-monitor-tenantActivityLogs_API-2015-04-01-swagger.yaml,1.0,1.0,1.0,1.0,1.0,1.0,1.0
azure.com-monitor-vmInsightsOnboarding_API-2018-11-27-preview-swagger.yaml,1.0,0.0,1.0,1.0,1.0,1.0,1.0
azure.com-msi-ManagedIdentity-2015-08-31-preview-swagger.yaml,1.0,0.0,1.0,1.0,1.0,1.0,1.0
azure.com-msi-ManagedIdentity-2018-11-30-swagger.yaml,1.0,0.0,1.0,1.0,1.0,1.0,1.0
azure.com-mysql-2017-12-01-preview-swagger.yaml,1.0,0.0,1.0,1.0,1.0,1.0,1.0
azure.com-mysql-2017-12-01-swagger.yaml,1.0,0.0,1.0,0.969697,1.0,1.0,1.0
azure.com-mysql-DataEncryptionKeys-2020-01-01-privatepreview-swagger.yaml,1.0,0.0,1.0,1.0,1.0,1.0,1.0
azure.com-mysql-PerformanceRecommendations-2018-06-01-swagger.yaml,1.0,0.0,1.0,0.85714287,1.0,1.0,1.0
azure.com-mysql-PrivateEndpointConnections-2018-06-01-privatepreview-swagger.yaml,1.0,0.0,1.0,1.0,1.0,1.0,1.0
azure.com-mysql-PrivateEndpointConnections-2018-06-01-swagger.yaml,1.0,0.0,1.0,1.0,1.0,1.0,1.0
azure.com-mysql-PrivateLinkResources-2018-06-01-privatepreview-swagger.yaml,1.0,0.0,1.0,1.0,1.0,1.0,1.0
azure.com-mysql-PrivateLinkResources-2018-06-01-swagger.yaml,1.0,0.0,1.0,1.0,1.0,1.0,1.0
azure.com-mysql-QueryPerformanceInsights-2018-06-01-swagger.yaml,1.0,0.0,1.0,1.0,1.0,1.0,1.0
azure.com-netapp-2019-11-01-swagger.yaml,1.0,0.0,1.0,0.9411765,1.0,1.0,1.0
azure.com-network-2019-11-01-swagger.yaml,NaN,NaN,NaN,NaN,NaN,NaN,NaN
azure.com-network-applicationGateway-2019-08-01-swagger.yaml,